epoch_ms,timestamp,gpu_percent,memory_percent,memory_mib,power_w,temperature_c,graphics_mhz
1791181171666,2026/10/05 00:19:31.659, 31, 23, 1701, 35.33, 49, 375
1791181172679,2026/10/05 00:19:32.671, 33, 24, 1652, 35.16, 48, 345
1791181173668,2026/10/05 00:19:33.661, 51, 22, 1701, 37.39, 49, 840
1791181174678,2026/10/05 00:19:34.671, 6, 1, 1684, 68.04, 49, 2580
1791181175672,2026/10/05 00:19:35.664, 6, 1, 1684, 71.05, 49, 2580
1791181176679,2026/10/05 00:19:36.672, 10, 1, 1684, 58.05, 48, 720
1791181177668,2026/10/05 00:19:37.661, 16, 10, 1684, 41.23, 48, 540
1791181178679,2026/10/05 00:19:38.672, 22, 12, 1696, 38.81, 48, 420
1791181179674,2026/10/05 00:19:39.667, 29, 22, 1700, 35.74, 48, 360
1791181180682,2026/10/05 00:19:40.676, 34, 24, 1699, 34.35, 48, 330
1791181181674,2026/10/05 00:19:41.667, 41, 25, 1699, 34.22, 47, 315
1791181182670,2026/10/05 00:19:42.663, 35, 24, 1699, 34.24, 47, 285
1791181183678,2026/10/05 00:19:43.671, 27, 18, 1699, 34.19, 47, 255
1791181184676,2026/10/05 00:19:44.669, 30, 18, 1699, 34.14, 47, 225
1791181185684,2026/10/05 00:19:45.677, 40, 20, 1699, 33.94, 47, 210
1791181186678,2026/10/05 00:19:46.672, 33, 19, 1700, 34.09, 47, 210
1791181187672,2026/10/05 00:19:47.665, 32, 18, 1695, 34.64, 47, 210
1791181188680,2026/10/05 00:19:48.674, 40, 23, 1646, 34.70, 47, 210
1791181189676,2026/10/05 00:19:49.669, 43, 25, 1645, 34.92, 46, 285
1791181190685,2026/10/05 00:19:50.677, 34, 22, 1645, 34.75, 46, 285
1791181191676,2026/10/05 00:19:51.669, 9, 1, 1700, 51.37, 47, 2580
1791181192686,2026/10/05 00:19:52.679, 9, 1, 1701, 71.64, 47, 2580
1791181193678,2026/10/05 00:19:53.671, 9, 1, 1701, 71.60, 47, 2580
1791181194687,2026/10/05 00:19:54.680, 7, 1, 1738, 68.05, 47, 2580
1791181195678,2026/10/05 00:19:55.672, 7, 1, 1745, 69.96, 47, 2580
1791181196686,2026/10/05 00:19:56.679, 8, 1, 1746, 70.46, 47, 2580
1791181197676,2026/10/05 00:19:57.668, 9, 1, 1747, 70.56, 47, 2580
1791181198683,2026/10/05 00:19:58.676, 14, 11, 1724, 55.29, 46, 855
1791181199678,2026/10/05 00:19:59.671, 22, 15, 1790, 39.50, 46, 660
1791181200686,2026/10/05 00:20:00.679, 7, 1, 1764, 58.98, 47, 2580
1791181201695,2026/10/05 00:20:01.687, 9, 1, 1855, 70.62, 47, 2580
1791181202690,2026/10/05 00:20:02.682, 15, 3, 1858, 58.16, 46, 885
1791181203683,2026/10/05 00:20:03.676, 14, 11, 1934, 42.34, 46, 1290
1791181204691,2026/10/05 00:20:04.682, 16, 12, 1879, 41.31, 46, 1290
1791181205682,2026/10/05 00:20:05.675, 7, 1, 1941, 57.34, 46, 2580
1791181206687,2026/10/05 00:20:06.680, 8, 1, 2035, 70.57, 46, 2580
1791181207694,2026/10/05 00:20:07.687, 10, 2, 2030, 57.44, 46, 2580
1791181208703,2026/10/05 00:20:08.695, 8, 1, 1917, 67.88, 46, 2580
1791181209699,2026/10/05 00:20:09.691, 14, 1, 2030, 71.24, 46, 2580
1791181210709,2026/10/05 00:20:10.699, 24, 12, 2030, 69.65, 46, 1290
1791181211687,2026/10/05 00:20:11.679, 29, 15, 2281, 64.65, 46, 1140
1791181212687,2026/10/05 00:20:12.677, 39, 24, 2197, 79.48, 47, 1185
1791181213690,2026/10/05 00:20:13.682, 35, 26, 2211, 79.53, 47, 1185
1791181214694,2026/10/05 00:20:14.686, 45, 34, 2211, 86.32, 47, 1350
1791181215699,2026/10/05 00:20:15.690, 33, 25, 2194, 88.12, 47, 1350
1791181216700,2026/10/05 00:20:16.690, 37, 28, 2202, 90.04, 47, 1425
1791181217699,2026/10/05 00:20:17.688, 45, 36, 2194, 90.53, 47, 1665
1791181218696,2026/10/05 00:20:18.689, 45, 39, 2172, 102.20, 48, 2430
1791181219692,2026/10/05 00:20:19.685, 38, 22, 2196, 133.59, 49, 2430
1791181220691,2026/10/05 00:20:20.684, 39, 24, 2181, 147.65, 50, 2505
1791181221681,2026/10/05 00:20:21.674, 40, 25, 2196, 160.62, 50, 2640
1791181222687,2026/10/05 00:20:22.680, 38, 25, 2196, 176.46, 51, 2685
1791181223694,2026/10/05 00:20:23.686, 40, 26, 2196, 178.59, 51, 2670
1791181224691,2026/10/05 00:20:24.684, 40, 26, 2196, 179.15, 51, 2685
1791181225694,2026/10/05 00:20:25.687, 41, 26, 2196, 182.70, 52, 2760
1791181226688,2026/10/05 00:20:26.681, 40, 27, 2196, 196.23, 52, 2760
1791181227682,2026/10/05 00:20:27.676, 40, 26, 2195, 196.39, 52, 2715
1791181228697,2026/10/05 00:20:28.690, 40, 26, 2196, 188.60, 52, 2700
1791181229690,2026/10/05 00:20:29.684, 41, 26, 2196, 189.04, 52, 2805
1791181230687,2026/10/05 00:20:30.680, 37, 21, 2265, 201.71, 52, 2805
1791181231690,2026/10/05 00:20:31.683, 39, 26, 2237, 201.75, 53, 2760
1791181232698,2026/10/05 00:20:32.690, 40, 26, 2198, 197.00, 52, 2730
1791181233692,2026/10/05 00:20:33.686, 41, 26, 2199, 200.69, 53, 2820
1791181234694,2026/10/05 00:20:34.688, 38, 26, 2183, 212.12, 53, 2820
1791181235692,2026/10/05 00:20:35.686, 37, 25, 2183, 210.64, 53, 2730
1791181236698,2026/10/05 00:20:36.691, 40, 26, 2183, 193.17, 52, 2715
1791181237700,2026/10/05 00:20:37.693, 40, 27, 2183, 200.61, 53, 2820
1791181238687,2026/10/05 00:20:38.680, 39, 26, 2184, 211.86, 53, 2820
1791181239693,2026/10/05 00:20:39.686, 40, 27, 2198, 209.55, 53, 2790
1791181240692,2026/10/05 00:20:40.686, 39, 26, 2198, 208.99, 54, 2790
1791181241691,2026/10/05 00:20:41.685, 40, 26, 2197, 211.35, 54, 2820
1791181242691,2026/10/05 00:20:42.684, 40, 27, 2197, 211.82, 54, 2820
1791181243689,2026/10/05 00:20:43.682, 39, 26, 2197, 212.25, 54, 2790
1791181244689,2026/10/05 00:20:44.683, 40, 26, 2197, 204.53, 53, 2760
1791181245700,2026/10/05 00:20:45.693, 41, 26, 2197, 197.39, 53, 2775
1791181246698,2026/10/05 00:20:46.690, 38, 25, 2197, 207.75, 54, 2805
1791181247704,2026/10/05 00:20:47.695, 38, 26, 2197, 210.66, 54, 2715
1791181248700,2026/10/05 00:20:48.693, 27, 17, 2197, 181.72, 51, 2595
1791181249704,2026/10/05 00:20:49.697, 42, 26, 2198, 161.69, 53, 2730
1791181250702,2026/10/05 00:20:50.695, 38, 25, 2198, 192.30, 53, 2775
1791181251695,2026/10/05 00:20:51.687, 38, 25, 2197, 197.43, 53, 2715
1791181252695,2026/10/05 00:20:52.688, 41, 25, 2238, 181.42, 53, 2655
1791181253705,2026/10/05 00:20:53.698, 40, 26, 2239, 195.13, 54, 2820
1791181254693,2026/10/05 00:20:54.687, 41, 26, 2244, 208.31, 54, 2820
1791181255698,2026/10/05 00:20:55.691, 39, 26, 2216, 210.42, 54, 2820
1791181256697,2026/10/05 00:20:56.690, 39, 26, 2212, 209.12, 54, 2745
1791181257698,2026/10/05 00:20:57.691, 32, 19, 2231, 188.73, 53, 2685
1791181258706,2026/10/05 00:20:58.699, 22, 12, 2235, 159.47, 51, 2520
1791181259703,2026/10/05 00:20:59.697, 9, 2, 2219, 64.30, 48, 1755
1791181260696,2026/10/05 00:21:00.690, 9, 2, 2217, 48.63, 48, 1200
1791181261695,2026/10/05 00:21:01.687, 22, 8, 2275, 47.73, 49, 840
1791181262696,2026/10/05 00:21:02.689, 44, 26, 2292, 135.67, 52, 2730
1791181263704,2026/10/05 00:21:03.697, 40, 27, 2285, 204.44, 54, 2820
1791181264703,2026/10/05 00:21:04.696, 40, 27, 2260, 214.73, 54, 2820
1791181265701,2026/10/05 00:21:05.695, 39, 27, 2237, 212.98, 54, 2820
1791181266697,2026/10/05 00:21:06.690, 41, 27, 2244, 209.34, 54, 2760
1791181267708,2026/10/05 00:21:07.702, 39, 26, 2224, 203.05, 54, 2775
1791181268703,2026/10/05 00:21:08.696, 39, 26, 2203, 202.10, 54, 2715
1791181269703,2026/10/05 00:21:09.696, 40, 26, 2217, 190.93, 54, 2700
1791181270701,2026/10/05 00:21:10.694, 39, 26, 2208, 196.91, 54, 2820
1791181271704,2026/10/05 00:21:11.697, 40, 26, 2208, 215.09, 55, 2820
1791181272709,2026/10/05 00:21:12.703, 40, 27, 2199, 214.46, 55, 2820
1791181273700,2026/10/05 00:21:13.693, 40, 27, 2213, 215.31, 55, 2805
1791181274703,2026/10/05 00:21:14.696, 39, 26, 2208, 215.65, 55, 2820
1791181275711,2026/10/05 00:21:15.704, 39, 27, 2208, 215.45, 55, 2820
1791181276712,2026/10/05 00:21:16.705, 39, 27, 2188, 210.56, 55, 2760
1791181277711,2026/10/05 00:21:17.704, 40, 27, 2184, 199.50, 55, 2745
1791181278702,2026/10/05 00:21:18.695, 40, 27, 2185, 197.31, 55, 2730
1791181279707,2026/10/05 00:21:19.700, 39, 27, 2185, 208.59, 55, 2820
1791181280707,2026/10/05 00:21:20.700, 39, 26, 2196, 215.30, 55, 2820
1791181281708,2026/10/05 00:21:21.701, 39, 27, 2196, 206.10, 55, 2745
1791181282707,2026/10/05 00:21:22.700, 40, 27, 2198, 197.96, 55, 2730
1791181283708,2026/10/05 00:21:23.701, 40, 27, 2219, 207.44, 56, 2805
1791181284707,2026/10/05 00:21:24.700, 39, 27, 2202, 215.12, 56, 2820
1791181285712,2026/10/05 00:21:25.705, 39, 26, 2198, 213.97, 56, 2820
1791181286710,2026/10/05 00:21:26.703, 39, 26, 2220, 205.03, 55, 2730
1791181287709,2026/10/05 00:21:27.702, 39, 27, 2220, 200.90, 56, 2820
1791181288709,2026/10/05 00:21:28.702, 39, 27, 2195, 213.90, 56, 2820
1791181289701,2026/10/05 00:21:29.694, 40, 27, 2189, 209.34, 55, 2745
1791181290711,2026/10/05 00:21:30.705, 40, 26, 2202, 194.85, 55, 2715
1791181291710,2026/10/05 00:21:31.703, 40, 26, 2200, 197.48, 55, 2760
1791181292710,2026/10/05 00:21:32.703, 39, 26, 2190, 201.79, 55, 2760
1791181293715,2026/10/05 00:21:33.708, 39, 25, 2189, 199.57, 55, 2715
1791181294717,2026/10/05 00:21:34.710, 40, 27, 2197, 195.26, 55, 2730
1791181295704,2026/10/05 00:21:35.696, 40, 26, 2198, 198.34, 55, 2745
1791181296712,2026/10/05 00:21:36.706, 40, 27, 2193, 199.40, 55, 2715
1791181297710,2026/10/05 00:21:37.703, 40, 27, 2173, 193.26, 55, 2700
1791181298703,2026/10/05 00:21:38.697, 40, 27, 2181, 192.49, 55, 2700
1791181299717,2026/10/05 00:21:39.710, 40, 27, 2182, 196.67, 56, 2775
1791181300705,2026/10/05 00:21:40.698, 39, 27, 2193, 204.66, 56, 2730
1791181301710,2026/10/05 00:21:41.703, 40, 26, 2193, 196.30, 55, 2715
1791181302714,2026/10/05 00:21:42.707, 37, 1, 1719, 168.69, 52, 2670
