epoch_ms,engine,utilization_percent,status
1791172100226,0-3d,69.3601503045144,0
1791172100226,10-copy,0,0
1791172100226,11-copy,0,0
1791172100226,12-copy,0,0
1791172100226,13-copy,0,0
1791172100226,1-legacyoverlay,0,0
1791172100226,2-videodecode,0,0
1791172100226,3-copy,0,0
1791172100226,4-copy,0,0
1791172100226,5-security,0,0
1791172100226,6-videoencode,0,0
1791172100226,7-videoencode,0,0
1791172100226,8-ofa_0,0,0
1791172100226,9-vr,0,0
1791172101252,0-3d,70.07838152381477,0
1791172101252,10-copy,0,0
1791172101252,11-copy,0,0
1791172101252,12-copy,0,0
1791172101252,13-copy,0,0
1791172101252,1-legacyoverlay,0,0
1791172101252,2-videodecode,0,0
1791172101252,3-copy,0,0
1791172101252,4-copy,0,0
1791172101252,5-security,0,0
1791172101252,6-videoencode,0,0
1791172101252,7-videoencode,0,0
1791172101252,8-ofa_0,0,0
1791172101252,9-vr,0,0
1791172102262,0-3d,69.62884244162862,0
1791172102262,10-copy,0,0
1791172102262,11-copy,0,0
1791172102262,12-copy,0,0
1791172102262,13-copy,0,0
1791172102262,1-legacyoverlay,0,0
1791172102262,2-videodecode,0,0
1791172102262,3-copy,0,0
1791172102262,4-copy,0,0
1791172102262,5-security,0,0
1791172102262,6-videoencode,0,0
1791172102262,7-videoencode,0,0
1791172102262,8-ofa_0,0,0
1791172102262,9-vr,0,0
1791172103288,0-3d,68.91922628828571,0
1791172103288,10-copy,0,0
1791172103288,11-copy,0,0
1791172103288,12-copy,0,0
1791172103288,13-copy,0,0
1791172103288,1-legacyoverlay,0,0
1791172103288,2-videodecode,0,0
1791172103288,3-copy,0,0
1791172103288,4-copy,0,0
1791172103288,5-security,0,0
1791172103288,6-videoencode,0,0
1791172103288,7-videoencode,0,0
1791172103288,8-ofa_0,0,0
1791172103288,9-vr,0,0
1791172104302,0-3d,69.29567679438675,0
1791172104302,10-copy,0,0
1791172104302,11-copy,0,0
1791172104302,12-copy,0,0
1791172104302,13-copy,0,0
1791172104302,1-legacyoverlay,0,0
1791172104302,2-videodecode,0,0
1791172104302,3-copy,0,0
1791172104302,4-copy,0,0
1791172104302,5-security,0,0
1791172104302,6-videoencode,0,0
1791172104302,7-videoencode,0,0
1791172104302,8-ofa_0,0,0
1791172104302,9-vr,0,0
1791172105316,0-3d,68.6339613680719,0
1791172105316,10-copy,0,0
1791172105316,11-copy,0,0
1791172105316,12-copy,0,0
1791172105316,13-copy,0,0
1791172105316,1-legacyoverlay,0,0
1791172105316,2-videodecode,0,0
1791172105316,3-copy,0,0
1791172105316,4-copy,0,0
1791172105316,5-security,0,0
1791172105316,6-videoencode,0,0
1791172105316,7-videoencode,0,0
1791172105316,8-ofa_0,0,0
1791172105316,9-vr,0,0
1791172106329,0-3d,68.61717935444936,0
1791172106329,10-copy,0,0
1791172106329,11-copy,0,0
1791172106329,12-copy,0,0
1791172106329,13-copy,0,0
1791172106329,1-legacyoverlay,0,0
1791172106329,2-videodecode,0,0
1791172106329,3-copy,0,0
1791172106329,4-copy,0,0
1791172106329,5-security,0,0
1791172106329,6-videoencode,0,0
1791172106329,7-videoencode,0,0
1791172106329,8-ofa_0,0,0
1791172106329,9-vr,0,0
1791172107341,0-3d,67.32255132337298,0
1791172107341,10-copy,0,0
1791172107341,11-copy,0,0
1791172107341,12-copy,0,0
1791172107341,13-copy,0,0
1791172107341,1-legacyoverlay,0,0
1791172107341,2-videodecode,0,0
1791172107341,3-copy,0,0
1791172107341,4-copy,0,0
1791172107341,5-security,0,0
1791172107341,6-videoencode,0,0
1791172107341,7-videoencode,0,0
1791172107341,8-ofa_0,0,0
1791172107341,9-vr,0,0
1791172108353,0-3d,66.64001305725897,0
1791172108353,10-copy,0,0
1791172108353,11-copy,0,0
1791172108353,12-copy,0,0
1791172108353,13-copy,0,0
1791172108353,1-legacyoverlay,0,0
1791172108353,2-videodecode,0,0
1791172108353,3-copy,0,0
1791172108353,4-copy,0,0
1791172108353,5-security,0,0
1791172108353,6-videoencode,0,0
1791172108353,7-videoencode,0,0
1791172108353,8-ofa_0,0,0
1791172108353,9-vr,0,0
1791172109362,0-3d,69.20666285596596,0
1791172109362,10-copy,0,0
1791172109362,11-copy,0,0
1791172109362,12-copy,0,0
1791172109362,13-copy,0,0
1791172109362,1-legacyoverlay,0,0
1791172109362,2-videodecode,0,0
1791172109362,3-copy,0,0
1791172109362,4-copy,0,0
1791172109362,5-security,0,0
1791172109362,6-videoencode,0,0
1791172109362,7-videoencode,0,0
1791172109362,8-ofa_0,0,0
1791172109362,9-vr,0,0
1791172110373,0-3d,67.29668234471681,0
1791172110373,10-copy,0,0
1791172110373,11-copy,0,0
1791172110373,12-copy,0,0
1791172110373,13-copy,0,0
1791172110373,1-legacyoverlay,0,0
1791172110373,2-videodecode,0,0
1791172110373,3-copy,0,0
1791172110373,4-copy,0,0
1791172110373,5-security,0,0
1791172110373,6-videoencode,0,0
1791172110373,7-videoencode,0,0
1791172110373,8-ofa_0,0,0
1791172110373,9-vr,0,0
1791172111385,0-3d,7.76733909107645,0
1791172111385,10-copy,0,0
1791172111385,11-copy,0,0
1791172111385,12-copy,0,0
1791172111385,13-copy,0,0
1791172111385,1-legacyoverlay,0,0
1791172111385,2-videodecode,0,0
1791172111385,3-copy,0,0
1791172111385,4-copy,0,0
1791172111385,5-security,0,0
1791172111385,6-videoencode,0,0
1791172111385,7-videoencode,0,0
1791172111385,8-ofa_0,0,0
1791172111385,9-vr,0,0
1791172112396,0-3d,2.8449649607780576,0
1791172112396,10-copy,0,0
1791172112396,11-copy,0,0
1791172112396,12-copy,0,0
1791172112396,13-copy,0,0
1791172112396,1-legacyoverlay,0,0
1791172112396,2-videodecode,0,0
1791172112396,3-copy,0,0
1791172112396,4-copy,0,0
1791172112396,5-security,0,0
1791172112396,6-videoencode,0,0
1791172112396,7-videoencode,0,0
1791172112396,8-ofa_0,0,0
1791172112396,9-vr,0,0
1791172113406,0-3d,55.525275836555856,0
1791172113406,10-copy,0,0
1791172113406,11-copy,0,0
1791172113406,12-copy,0,0
1791172113406,13-copy,0,0
1791172113406,1-legacyoverlay,0,0
1791172113406,2-videodecode,0,0
1791172113406,3-copy,0,0
1791172113406,4-copy,0,0
1791172113406,5-security,0,0
1791172113406,6-videoencode,0,0
1791172113406,7-videoencode,0,0
1791172113406,8-ofa_0,0,0
1791172113406,9-vr,0,0
1791172114417,0-3d,67.03147655851426,0
1791172114417,10-copy,0,0
1791172114417,11-copy,0,0
1791172114417,12-copy,0,0
1791172114417,13-copy,0,0
1791172114417,1-legacyoverlay,0,0
1791172114417,2-videodecode,0,0
1791172114417,3-copy,0,0
1791172114417,4-copy,0,0
1791172114417,5-security,0,0
1791172114417,6-videoencode,0,0
1791172114417,7-videoencode,0,0
1791172114417,8-ofa_0,0,0
1791172114417,9-vr,0,0
1791172115433,0-3d,64.5703763455419,0
1791172115433,10-copy,0,0
1791172115433,11-copy,0,0
1791172115433,12-copy,0,0
1791172115433,13-copy,0,0
1791172115433,1-legacyoverlay,0,0
1791172115433,2-videodecode,0,0
1791172115433,3-copy,0,0
1791172115433,4-copy,0,0
1791172115433,5-security,0,0
1791172115433,6-videoencode,0,0
1791172115433,7-videoencode,0,0
1791172115433,8-ofa_0,0,0
1791172115433,9-vr,0,0
1791172116447,0-3d,64.99061778762855,0
1791172116447,10-copy,0,0
1791172116447,11-copy,0,0
1791172116447,12-copy,0,0
1791172116447,13-copy,0,0
1791172116447,1-legacyoverlay,0,0
1791172116447,2-videodecode,0,0
1791172116447,3-copy,0,0
1791172116447,4-copy,0,0
1791172116447,5-security,0,0
1791172116447,6-videoencode,0,0
1791172116447,7-videoencode,0,0
1791172116447,8-ofa_0,0,0
1791172116447,9-vr,0,0
1791172117458,0-3d,63.236614926874616,0
1791172117458,10-copy,0,0
1791172117458,11-copy,0,0
1791172117458,12-copy,0,0
1791172117458,13-copy,0,0
1791172117458,1-legacyoverlay,0,0
1791172117458,2-videodecode,0,0
1791172117458,3-copy,0,0
1791172117458,4-copy,0,0
1791172117458,5-security,0,0
1791172117458,6-videoencode,0,0
1791172117458,7-videoencode,0,0
1791172117458,8-ofa_0,0,0
1791172117458,9-vr,0,0
1791172118470,0-3d,68.17808455626732,0
1791172118470,10-copy,0,0
1791172118470,11-copy,0,0
1791172118470,12-copy,0,0
1791172118470,13-copy,0,0
1791172118470,1-legacyoverlay,0,0
1791172118470,2-videodecode,0,0
1791172118470,3-copy,0,0
1791172118470,4-copy,0,0
1791172118470,5-security,0,0
1791172118470,6-videoencode,0,0
1791172118470,7-videoencode,0,0
1791172118470,8-ofa_0,0,0
1791172118470,9-vr,0,0
1791172119483,0-3d,63.41474049213721,0
1791172119483,10-copy,0,0
1791172119483,11-copy,0,0
1791172119483,12-copy,0,0
1791172119483,13-copy,0,0
1791172119483,1-legacyoverlay,0,0
1791172119483,2-videodecode,0,0
1791172119483,3-copy,0,0
1791172119483,4-copy,0,0
1791172119483,5-security,0,0
1791172119483,6-videoencode,0,0
1791172119483,7-videoencode,0,0
1791172119483,8-ofa_0,0,0
1791172119483,9-vr,0,0
1791172120494,0-3d,62.46778691926694,0
1791172120494,10-copy,0,0
1791172120494,11-copy,0,0
1791172120494,12-copy,0,0
1791172120494,13-copy,0,0
1791172120494,1-legacyoverlay,0,0
1791172120494,2-videodecode,0,0
1791172120494,3-copy,0,0
1791172120494,4-copy,0,0
1791172120494,5-security,0,0
1791172120494,6-videoencode,0,0
1791172120494,7-videoencode,0,0
1791172120494,8-ofa_0,0,0
1791172120494,9-vr,0,0
1791172121504,0-3d,63.7069672578797,0
1791172121504,10-copy,0,0
1791172121504,11-copy,0,0
1791172121504,12-copy,0,0
1791172121504,13-copy,0,0
1791172121504,1-legacyoverlay,0,0
1791172121504,2-videodecode,0,0
1791172121504,3-copy,0,0
1791172121504,4-copy,0,0
1791172121504,5-security,0,0
1791172121504,6-videoencode,0,0
1791172121504,7-videoencode,0,0
1791172121504,8-ofa_0,0,0
1791172121504,9-vr,0,0
1791172122513,0-3d,66.22371218832494,0
1791172122513,10-copy,0,0
1791172122513,11-copy,0,0
1791172122513,12-copy,0,0
1791172122513,13-copy,0,0
1791172122513,1-legacyoverlay,0,0
1791172122513,2-videodecode,0,0
1791172122513,3-copy,0,0
1791172122513,4-copy,0,0
1791172122513,5-security,0,0
1791172122513,6-videoencode,0,0
1791172122513,7-videoencode,0,0
1791172122513,8-ofa_0,0,0
1791172122513,9-vr,0,0
1791172123523,0-3d,66.07115568442393,0
1791172123523,10-copy,0,0
1791172123523,11-copy,0,0
1791172123523,12-copy,0,0
1791172123523,13-copy,0,0
1791172123523,1-legacyoverlay,0,0
1791172123523,2-videodecode,0,0
1791172123523,3-copy,0,0
1791172123523,4-copy,0,0
1791172123523,5-security,0,0
1791172123523,6-videoencode,0,0
1791172123523,7-videoencode,0,0
1791172123523,8-ofa_0,0,0
1791172123523,9-vr,0,0
1791172124536,0-3d,69.5169563516852,0
1791172124536,10-copy,0,0
1791172124536,11-copy,0,0
1791172124536,12-copy,0,0
1791172124536,13-copy,0,0
1791172124536,1-legacyoverlay,0,0
1791172124536,2-videodecode,0,0
1791172124536,3-copy,0,0
1791172124536,4-copy,0,0
1791172124536,5-security,0,0
1791172124536,6-videoencode,0,0
1791172124536,7-videoencode,0,0
1791172124536,8-ofa_0,0,0
1791172124536,9-vr,0,0
1791172125543,0-3d,67.07006713858301,0
1791172125543,10-copy,0,0
1791172125543,11-copy,0,0
1791172125543,12-copy,0,0
1791172125543,13-copy,0,0
1791172125543,1-legacyoverlay,0,0
1791172125543,2-videodecode,0,0
1791172125543,3-copy,0,0
1791172125543,4-copy,0,0
1791172125543,5-security,0,0
1791172125543,6-videoencode,0,0
1791172125543,7-videoencode,0,0
1791172125543,8-ofa_0,0,0
1791172125543,9-vr,0,0
1791172126558,0-3d,67.09164291111662,0
1791172126558,10-copy,0,0
1791172126558,11-copy,0,0
1791172126558,12-copy,0,0
1791172126558,13-copy,0,0
1791172126558,1-legacyoverlay,0,0
1791172126558,2-videodecode,0,0
1791172126558,3-copy,0,0
1791172126558,4-copy,0,0
1791172126558,5-security,0,0
1791172126558,6-videoencode,0,0
1791172126558,7-videoencode,0,0
1791172126558,8-ofa_0,0,0
1791172126558,9-vr,0,0
1791172127571,0-3d,65.6283353663421,0
1791172127571,10-copy,0,0
1791172127571,11-copy,0,0
1791172127571,12-copy,0,0
1791172127571,13-copy,0,0
1791172127571,1-legacyoverlay,0,0
1791172127571,2-videodecode,0,0
1791172127571,3-copy,0,0
1791172127571,4-copy,0,0
1791172127571,5-security,0,0
1791172127571,6-videoencode,0,0
1791172127571,7-videoencode,0,0
1791172127571,8-ofa_0,0,0
1791172127571,9-vr,0,0
1791172128578,0-3d,65.92147929018246,0
1791172128578,10-copy,0,0
1791172128578,11-copy,0,0
1791172128578,12-copy,0,0
1791172128578,13-copy,0,0
1791172128578,1-legacyoverlay,0,0
1791172128578,2-videodecode,0,0
1791172128578,3-copy,0,0
1791172128578,4-copy,0,0
1791172128578,5-security,0,0
1791172128578,6-videoencode,0,0
1791172128578,7-videoencode,0,0
1791172128578,8-ofa_0,0,0
1791172128578,9-vr,0,0
1791172129592,0-3d,66.3662350708475,0
1791172129592,10-copy,0,0
1791172129592,11-copy,0,0
1791172129592,12-copy,0,0
1791172129592,13-copy,0,0
1791172129592,1-legacyoverlay,0,0
1791172129592,2-videodecode,0,0
1791172129592,3-copy,0,0
1791172129592,4-copy,0,0
1791172129592,5-security,0,0
1791172129592,6-videoencode,0,0
1791172129592,7-videoencode,0,0
1791172129592,8-ofa_0,0,0
1791172129592,9-vr,0,0
1791172130606,0-3d,69.60447972149765,0
1791172130606,10-copy,0,0
1791172130606,11-copy,0,0
1791172130606,12-copy,0,0
1791172130606,13-copy,0,0
1791172130606,1-legacyoverlay,0,0
1791172130606,2-videodecode,0,0
1791172130606,3-copy,0,0
1791172130606,4-copy,0,0
1791172130606,5-security,0,0
1791172130606,6-videoencode,0,0
1791172130606,7-videoencode,0,0
1791172130606,8-ofa_0,0,0
1791172130606,9-vr,0,0
1791172131617,0-3d,63.850809278347455,0
1791172131617,10-copy,0,0
1791172131617,11-copy,0,0
1791172131617,12-copy,0,0
1791172131617,13-copy,0,0
1791172131617,1-legacyoverlay,0,0
1791172131617,2-videodecode,0,0
1791172131617,3-copy,0,0
1791172131617,4-copy,0,0
1791172131617,5-security,0,0
1791172131617,6-videoencode,0,0
1791172131617,7-videoencode,0,0
1791172131617,8-ofa_0,0,0
1791172131617,9-vr,0,0
1791172132634,0-3d,65.5979968621771,0
1791172132634,10-copy,0,0
1791172132634,11-copy,0,0
1791172132634,12-copy,0,0
1791172132634,13-copy,0,0
1791172132634,1-legacyoverlay,0,0
1791172132634,2-videodecode,0,0
1791172132634,3-copy,0,0
1791172132634,4-copy,0,0
1791172132634,5-security,0,0
1791172132634,6-videoencode,0,0
1791172132634,7-videoencode,0,0
1791172132634,8-ofa_0,0,0
1791172132634,9-vr,0,0
1791172133644,0-3d,66.01796142337263,0
1791172133644,10-copy,0,0
1791172133644,11-copy,0,0
1791172133644,12-copy,0,0
1791172133644,13-copy,0,0
1791172133644,1-legacyoverlay,0,0
1791172133644,2-videodecode,0,0
1791172133644,3-copy,0,0
1791172133644,4-copy,0,0
1791172133644,5-security,0,0
1791172133644,6-videoencode,0,0
1791172133644,7-videoencode,0,0
1791172133644,8-ofa_0,0,0
1791172133644,9-vr,0,0
1791172134654,0-3d,65.67811851574376,0
1791172134654,10-copy,0,0
1791172134654,11-copy,0,0
1791172134654,12-copy,0,0
1791172134654,13-copy,0,0
1791172134654,1-legacyoverlay,0,0
1791172134654,2-videodecode,0,0
1791172134654,3-copy,0,0
1791172134654,4-copy,0,0
1791172134654,5-security,0,0
1791172134654,6-videoencode,0,0
1791172134654,7-videoencode,0,0
1791172134654,8-ofa_0,0,0
1791172134654,9-vr,0,0
1791172135668,0-3d,67.60823542461647,0
1791172135668,10-copy,0,0
1791172135668,11-copy,0,0
1791172135668,12-copy,0,0
1791172135668,13-copy,0,0
1791172135668,1-legacyoverlay,0,0
1791172135668,2-videodecode,0,0
1791172135668,3-copy,0,0
1791172135668,4-copy,0,0
1791172135668,5-security,0,0
1791172135668,6-videoencode,0,0
1791172135668,7-videoencode,0,0
1791172135668,8-ofa_0,0,0
1791172135668,9-vr,0,0
1791172136676,0-3d,68.35030668830836,0
1791172136676,10-copy,0,0
1791172136676,11-copy,0,0
1791172136676,12-copy,0,0
1791172136676,13-copy,0,0
1791172136676,1-legacyoverlay,0,0
1791172136676,2-videodecode,0,0
1791172136676,3-copy,0,0
1791172136676,4-copy,0,0
1791172136676,5-security,0,0
1791172136676,6-videoencode,0,0
1791172136676,7-videoencode,0,0
1791172136676,8-ofa_0,0,0
1791172136676,9-vr,0,0
1791172137690,0-3d,65.15511871080703,0
1791172137690,10-copy,0,0
1791172137690,11-copy,0,0
1791172137690,12-copy,0,0
1791172137690,13-copy,0,0
1791172137690,1-legacyoverlay,0,0
1791172137690,2-videodecode,0,0
1791172137690,3-copy,0,0
1791172137690,4-copy,0,0
1791172137690,5-security,0,0
1791172137690,6-videoencode,0,0
1791172137690,7-videoencode,0,0
1791172137690,8-ofa_0,0,0
1791172137690,9-vr,0,0
1791172138703,0-3d,68.47758245025142,0
1791172138703,10-copy,0,0
1791172138703,11-copy,0,0
1791172138703,12-copy,0,0
1791172138703,13-copy,0,0
1791172138703,1-legacyoverlay,0,0
1791172138703,2-videodecode,0,0
1791172138703,3-copy,0,0
1791172138703,4-copy,0,0
1791172138703,5-security,0,0
1791172138703,6-videoencode,0,0
1791172138703,7-videoencode,0,0
1791172138703,8-ofa_0,0,0
1791172138703,9-vr,0,0
1791172139712,0-3d,68.02889071892616,0
1791172139712,10-copy,0,0
1791172139712,11-copy,0,0
1791172139712,12-copy,0,0
1791172139712,13-copy,0,0
1791172139712,1-legacyoverlay,0,0
1791172139712,2-videodecode,0,0
1791172139712,3-copy,0,0
1791172139712,4-copy,0,0
1791172139712,5-security,0,0
1791172139712,6-videoencode,0,0
1791172139712,7-videoencode,0,0
1791172139712,8-ofa_0,0,0
1791172139712,9-vr,0,0
1791172140726,0-3d,65.23285124582111,0
1791172140726,10-copy,0,0
1791172140726,11-copy,0,0
1791172140726,12-copy,0,0
1791172140726,13-copy,0,0
1791172140726,1-legacyoverlay,0,0
1791172140726,2-videodecode,0,0
1791172140726,3-copy,0,0
1791172140726,4-copy,0,0
1791172140726,5-security,0,0
1791172140726,6-videoencode,0,0
1791172140726,7-videoencode,0,0
1791172140726,8-ofa_0,0,0
1791172140726,9-vr,0,0
1791172141738,0-3d,66.3048121356834,0
1791172141738,10-copy,0,0
1791172141738,11-copy,0,0
1791172141738,12-copy,0,0
1791172141738,13-copy,0,0
1791172141738,1-legacyoverlay,0,0
1791172141738,2-videodecode,0,0
1791172141738,3-copy,0,0
1791172141738,4-copy,0,0
1791172141738,5-security,0,0
1791172141738,6-videoencode,0,0
1791172141738,7-videoencode,0,0
1791172141738,8-ofa_0,0,0
1791172141738,9-vr,0,0
1791172142748,0-3d,67.17132433448903,0
1791172142748,10-copy,0,0
1791172142748,11-copy,0,0
1791172142748,12-copy,0,0
1791172142748,13-copy,0,0
1791172142748,1-legacyoverlay,0,0
1791172142748,2-videodecode,0,0
1791172142748,3-copy,0,0
1791172142748,4-copy,0,0
1791172142748,5-security,0,0
1791172142748,6-videoencode,0,0
1791172142748,7-videoencode,0,0
1791172142748,8-ofa_0,0,0
1791172142748,9-vr,0,0
1791172143762,0-3d,64.48487617928322,0
1791172143762,10-copy,0,0
1791172143762,11-copy,0,0
1791172143762,12-copy,0,0
1791172143762,13-copy,0,0
1791172143762,1-legacyoverlay,0,0
1791172143762,2-videodecode,0,0
1791172143762,3-copy,0,0
1791172143762,4-copy,0,0
1791172143762,5-security,0,0
1791172143762,6-videoencode,0,0
1791172143762,7-videoencode,0,0
1791172143762,8-ofa_0,0,0
1791172143762,9-vr,0,0
1791172144770,0-3d,63.320903971109075,0
1791172144770,10-copy,0,0
1791172144770,11-copy,0,0
1791172144770,12-copy,0,0
1791172144770,13-copy,0,0
1791172144770,1-legacyoverlay,0,0
1791172144770,2-videodecode,0,0
1791172144770,3-copy,0,0
1791172144770,4-copy,0,0
1791172144770,5-security,0,0
1791172144770,6-videoencode,0,0
1791172144770,7-videoencode,0,0
1791172144770,8-ofa_0,0,0
1791172144770,9-vr,0,0
1791172145787,0-3d,65.82219668536558,0
1791172145787,10-copy,0,0
1791172145787,11-copy,0,0
1791172145787,12-copy,0,0
1791172145787,13-copy,0,0
1791172145787,1-legacyoverlay,0,0
1791172145787,2-videodecode,0,0
1791172145787,3-copy,0,0
1791172145787,4-copy,0,0
1791172145787,5-security,0,0
1791172145787,6-videoencode,0,0
1791172145787,7-videoencode,0,0
1791172145787,8-ofa_0,0,0
1791172145787,9-vr,0,0
1791172146795,0-3d,67.91442214888175,0
1791172146795,10-copy,0,0
1791172146795,11-copy,0,0
1791172146795,12-copy,0,0
1791172146795,13-copy,0,0
1791172146795,1-legacyoverlay,0,0
1791172146795,2-videodecode,0,0
1791172146795,3-copy,0,0
1791172146795,4-copy,0,0
1791172146795,5-security,0,0
1791172146795,6-videoencode,0,0
1791172146795,7-videoencode,0,0
1791172146795,8-ofa_0,0,0
1791172146795,9-vr,0,0
1791172147808,0-3d,68.20258525894486,0
1791172147808,10-copy,0,0
1791172147808,11-copy,0,0
1791172147808,12-copy,0,0
1791172147808,13-copy,0,0
1791172147808,1-legacyoverlay,0,0
1791172147808,2-videodecode,0,0
1791172147808,3-copy,0,0
1791172147808,4-copy,0,0
1791172147808,5-security,0,0
1791172147808,6-videoencode,0,0
1791172147808,7-videoencode,0,0
1791172147808,8-ofa_0,0,0
1791172147808,9-vr,0,0
1791172148818,0-3d,68.03708807124028,0
1791172148818,10-copy,0,0
1791172148818,11-copy,0,0
1791172148818,12-copy,0,0
1791172148818,13-copy,0,0
1791172148818,1-legacyoverlay,0,0
1791172148818,2-videodecode,0,0
1791172148818,3-copy,0,0
1791172148818,4-copy,0,0
1791172148818,5-security,0,0
1791172148818,6-videoencode,0,0
1791172148818,7-videoencode,0,0
1791172148818,8-ofa_0,0,0
1791172148818,9-vr,0,0
1791172149827,0-3d,63.43847615283886,0
1791172149827,10-copy,0,0
1791172149827,11-copy,0,0
1791172149827,12-copy,0,0
1791172149827,13-copy,0,0
1791172149827,1-legacyoverlay,0,0
1791172149827,2-videodecode,0,0
1791172149827,3-copy,0,0
1791172149827,4-copy,0,0
1791172149827,5-security,0,0
1791172149827,6-videoencode,0,0
1791172149827,7-videoencode,0,0
1791172149827,8-ofa_0,0,0
1791172149827,9-vr,0,0
1791172150842,0-3d,63.72513700833385,0
1791172150842,10-copy,0,0
1791172150842,11-copy,0,0
1791172150842,12-copy,0,0
1791172150842,13-copy,0,0
1791172150842,1-legacyoverlay,0,0
1791172150842,2-videodecode,0,0
1791172150842,3-copy,0,0
1791172150842,4-copy,0,0
1791172150842,5-security,0,0
1791172150842,6-videoencode,0,0
1791172150842,7-videoencode,0,0
1791172150842,8-ofa_0,0,0
1791172150842,9-vr,0,0
1791172151854,0-3d,66.2395375326966,0
1791172151854,10-copy,0,0
1791172151854,11-copy,0,0
1791172151854,12-copy,0,0
1791172151854,13-copy,0,0
1791172151854,1-legacyoverlay,0,0
1791172151854,2-videodecode,0,0
1791172151854,3-copy,0,0
1791172151854,4-copy,0,0
1791172151854,5-security,0,0
1791172151854,6-videoencode,0,0
1791172151854,7-videoencode,0,0
1791172151854,8-ofa_0,0,0
1791172151854,9-vr,0,0
1791172152867,0-3d,71.79596614349785,0
1791172152867,10-copy,0,0
1791172152867,11-copy,0,0
1791172152867,12-copy,0,0
1791172152867,13-copy,0,0
1791172152867,1-legacyoverlay,0,0
1791172152867,2-videodecode,0,0
1791172152867,3-copy,0,0
1791172152867,4-copy,0.0009817100476734266,0
1791172152867,5-security,0,0
1791172152867,6-videoencode,0,0
1791172152867,7-videoencode,0,0
1791172152867,8-ofa_0,0,0
1791172152867,9-vr,0,0
