epoch_ms,system_cpu_percent,java_cpu_percent,java_rss_mib
1791179620578,59.9,0.0,0.0
1791179621598,58.5,0.0,0.0
1791179622570,9.8,0.0,0.0
1791179623571,4.6,0.0,0.0
1791179624563,6.1,0.0,0.0
1791179625569,8.0,0.0,0.0
1791179626570,10.2,0.0,0.0
1791179627562,8.5,0.0,0.0
1791179628570,9.5,0.0,0.0
1791179629565,9.7,0.0,0.0
1791179630573,11.0,0.0,0.0
1791179631566,9.2,0.0,0.0
1791179632576,9.1,0.0,0.0
1791179633568,9.0,0.0,0.0
1791179634563,8.8,0.0,0.0
1791179635570,8.8,0.0,0.0
1791179636565,9.5,0.0,0.0
1791179637570,8.8,0.0,36.26171875
1791179638576,9.6,45.4,254.3515625
1791179639579,3.8,10.9,486.93359375
1791179640583,3.4,26.5,544.5859375
1791179641572,4.0,37.9,719.74609375
1791179642578,3.2,54.4,917.25390625
1791179643566,1.1,36.4,718.05078125
1791179644578,0.2,6.2,722.5234375
1791179645581,0.8,24.9,826.9453125
1791179646571,1.3,7.9,841.69140625
1791179647577,1.7,24.9,876.046875
1791179648584,1.1,17.1,823.06640625
1791179649578,1.9,42.4,1111.42578125
1791179650578,8.8,265.4,1403.89453125
1791179651576,1.5,43.9,1460.703125
1791179652574,0.6,17.2,1600.1015625
1791179653571,0.2,4.7,1932.4140625
1791179654576,35.0,1090.2,1959.015625
1791179655573,0.7,17.3,1959.7578125
1791179656574,1.2,12.5,1997.37890625
1791179657590,7.2,215.1,2085.140625
1791179658593,19.5,605.8,2187.12109375
1791179659576,22.5,709.1,2202.23046875
1791179660575,0.6,20.4,2184.19921875
1791179661707,67.4,2076.3,2227.36328125
1791179662707,25.6,781.2,2267.515625
1791179663713,10.0,315.4,2263.296875
1791179664713,4.4,139.2,2475.0703125
1791179665699,1.7,53.8,2543.3359375
1791179666705,2.9,68.4,2531.9609375
1791179667703,2.0,58.0,2531.59765625
1791179668693,3.3,90.0,2407.125
1791179669703,5.7,72.7,2420.421875
1791179670706,3.6,96.5,2430.61328125
1791179671704,3.7,103.4,2433.8125
1791179672705,4.1,118.7,2435.5703125
1791179673708,3.0,93.4,2427.64453125
1791179674707,2.8,82.9,2431.15234375
1791179675708,1.8,53.1,2431.3984375
1791179676695,2.1,58.6,2431.98046875
1791179677697,1.8,56.1,2432.13671875
1791179678698,2.7,60.9,2345.04296875
1791179679709,3.0,82.0,2372.4296875
1791179680698,2.3,69.5,2377.10546875
1791179681701,2.5,74.8,2384.1875
1791179682708,2.9,62.1,2385.46484375
1791179683698,3.9,55.2,2388.8359375
1791179684701,2.1,65.4,2392.796875
1791179685702,2.4,65.6,2397.48046875
1791179686700,3.1,73.6,2398.10546875
1791179687705,2.4,76.2,2402.71875
1791179688703,1.9,39.2,2403.0703125
1791179689709,1.8,43.5,2403.3515625
1791179690712,3.4,105.9,2430.3671875
1791179691712,2.0,53.1,2430.9765625
1791179692702,2.7,80.4,2431.1796875
1791179693703,1.3,14.1,2431.58203125
1791179694713,1.3,23.2,2434.41796875
1791179695712,2.6,12.5,2436.10546875
1791179696710,4.0,31.3,2437.07421875
1791179697708,3.4,29.8,2481.75390625
1791179698723,1.9,9.2,2482.00390625
1791179699707,5.2,27.0,2482.046875
1791179700705,3.4,18.8,2482.1015625
1791179701709,5.3,34.2,2482.32421875
1791179702712,5.7,53.0,2483.05859375
1791179703712,5.8,34.4,2483.0625
1791179704717,5.4,51.3,2483.0703125
1791179705705,4.6,50.6,2483.33984375
1791179706705,7.1,45.3,2483.75
1791179707718,3.6,47.8,2483.76171875
1791179708706,2.0,45.9,2483.87890625
1791179709712,2.6,54.4,2483.87890625
1791179710711,2.2,48.5,2483.8125
1791179711709,2.1,34.4,2483.640625
1791179712713,2.8,43.6,2483.64453125
1791179713710,3.0,45.5,2483.546875
1791179714709,2.1,43.8,2483.5546875
1791179715713,2.0,46.7,2483.71484375
1791179716713,2.0,46.9,2483.828125
1791179717714,2.5,53.1,2483.953125
1791179718714,1.7,31.2,2483.96484375
1791179719717,2.8,57.6,2484.765625
1791179720719,4.1,37.4,2484.76953125
1791179721723,2.7,37.4,2485.78515625
1791179722711,2.9,56.9,2485.78515625
1791179723714,2.6,46.7,2485.7890625
1791179724719,2.3,54.4,2485.83984375
1791179725722,2.8,48.3,2485.83984375
1791179726713,2.0,41.0,2486.02734375
1791179727718,2.4,49.8,2486.09765625
1791179728722,1.7,46.7,2486.12109375
1791179729713,1.7,48.9,2486.17578125
1791179730719,1.7,40.4,2486.09765625
1791179731727,2.1,60.5,2487.28515625
1791179732716,2.2,47.4,2487.30078125
1791179733722,1.8,55.9,2487.96484375
1791179734727,1.8,45.1,2487.96875
1791179735716,2.1,52.1,2487.96484375
1791179736720,4.0,35.8,2488.0390625
1791179737727,5.0,41.9,2488.09765625
1791179738727,4.4,46.9,2488.203125
1791179739730,5.7,52.9,2488.29296875
1791179740729,4.8,51.6,2488.60546875
1791179741729,6.2,54.6,2488.61328125
1791179742716,3.8,63.4,2488.68359375
1791179743734,4.1,41.4,2488.73046875
1791179744731,1.4,6.3,2488.74609375
1791179745731,4.8,28.1,2488.75
1791179746730,4.8,23.5,2488.7578125
1791179747727,5.0,47.0,2502.7734375
1791179748729,3.4,39.0,2502.71875
1791179749734,3.8,56.0,2502.7265625
1791179750735,2.9,40.5,2518.234375
1791179751734,3.8,0.0,0.0
