original_oid	migrated_oid	object_type
0c158b30c7b3ab626303875212a6318d3f2a1474	64811e9d20db37e637f61138d1b142961cb2f51b	commit
665a3754158da0c45ba9210ae3c8015bf9ef2e86	3488ad57c161808c7e7049f4e9b0c14b01f53a07	commit
e94b6189968d4954431b230af62b5862376fcf30	fed9e65953dd473cfd5e47a6b515cebebce43138	commit
3f4bb290e15a366022dafa0629c50fc5fa7ce61c	173246076c40a9e0ee7acd7118c7f92c5bb222bd	commit
3307180c4123cbbdfc774ec24c3daf17af8d876f	50718e31baea16ea1043619d9f5b0758a00f7b66	commit
438e27601c180d1f166f65490585c1b08511ffc9	2f3c35c3aa9f7fdab80190351f7262d147197994	commit
9602cd74b87b261b069f437bec1ce99e33315fe4	dc15be304d5d8502c5aa8289d568b0ef8759f31d	commit
0c28a0906200732094e6a9a30f6bcc8e2771d686	2eea8920964a05a53f43cd646aae4d8820b60481	commit
8bd894bc673b27d0f15e52e2c6f90057dbf44cef	7f22cf5fa3a14990268031cb8c1e6adad175add0	commit
22f4bda73d7cc7b8631c497fd0dfb1bd7fa28ca8	2eadf84e9f3d5bc009557ee8ff6654cb09c14961	commit
cd3bd199122bc66ba2d4bad8f467ae7512268d7d	c8caa389b4ec9e0b2d174be1f91fa83b97d31570	commit
cfd6a08f7042b5044c3cdd4ef8417099e4acf41b	6e88bc3e8e5599fc78dbf80a1c860773556f1213	commit
036e69b2e60c06fd1268f4cf93cf30624d8062aa	8b5f9bb9912078f397e1bf6d5544aca63eafb6a8	commit
7a06e7a41cd18c5485279d9fde5b7ca8e1708a43	03184b2746e94a4eb4295b0e97dbeca0375a8351	commit
b0808ce6b00084e00b7348bcaae257565691cd5e	4171728c5cc3d3d002f4da8d9d7567ceefc19b0c	commit
195f540644db752a0b31bf282e0ea62b69af2cdf	6f9d518cf7a0164a6c4f296875e6faa26c1f6ac8	commit
89bf5c4027137a576e71f24736a8a3f1f4f25149	cf8c5bff55b120020723f48ccf6822c5ab855752	commit
a24fe043565e74f3de179fa6a31af687e45be500	9e8f8a6735af5fa8241d011a93e944674248b2bf	commit
eb4fd2e6d89af73dc69e7cce6fa0d202dabdb8c4	39256f2728212489eb6e0178d1f53e78ec29c3e5	commit
9d2264b825428f3ebadd66db234e0ae53798e8f0	54f32d5c24064f85e4b1416992d9ee953640643d	commit
6194e2b597cad92c860e56d59445fff31d1c27bb	aa131a021af81d2a86b35c6cd864410d0cba4f32	commit
5dcbba2d8a9e15d41eca0332d81d3717b286eb35	f5082592cbab3816549a1c3eaacb178132f53c65	commit
1031d6d6bdc195992a257ecdaf4bcfad9b2e19c1	243172d8bd02c30ccdad94f2d6922527521864af	commit
451edd2bee6cd3103da526ea352e58a4040c83c2	0e3b67dabe11406e30df5815eb50d4a0e6e54e5d	commit
5970004a517deed5ec4134c9a713ccd1c5b84874	29b734ff77b6d2cbb3b374ba0787feaded701900	commit
8bc64bd6edb529f582d5e6fe057a8d97e4aeaacc	d219c74dfb755b0485b28b0633179a355c355e7a	commit
b48081024ad6c7dfe3d483c388eab878ba834043	7060177d1f10c152e6b81a42578f22e7ddd7364f	commit
fe83b91b1b258b4ca240e6e474f5198cdcb08a9f	5acab91272ef1dadc51ede36635f31b220fb74b0	commit
0b1ceb0ad6c8341c10cc990e2e5d0df3462e3ea6	7538a15ac925a496804ca03e12592ad2ec4598b7	commit
4307ca3d844ba5f0751ec36186e387d24d78a7d2	b42527f170d2fb7a90510e042f6749026d8fe697	commit
b2a51993ca705d6604bf06db042f87f958e0b8b9	83f6c29b09cfb831aae400e67cdfc70296df22cc	commit
523b2a9ed85fe28f4b00d336e0b129460136c61e	2467a7507a41fdc40155380b08eb42d2e4ab3ccf	commit
0086b3ff2b8f52fa79bcd65b932a246f33f8ab34	7e26b5e01a37c1f2724063ecd8e570ff1ca0467f	commit
fbcd650150ab27a4d1d7677988657470d19048f7	5a0318861745d6caf10555de355dd83920820bf0	commit
d3f7666f18e7a6749f374892809fd5ef70809bf1	ff2e5cf106b439efc4f6aec5177813cac256c7fa	commit
c5093a5f954650c71a6ba8a62f9d715e1655aca6	9becbf0a998d2ff3871edafb9975031be19f9578	commit
f619f92b2d59ecd0cbca916a055a422de3d7aa51	496922b7b408f6c0658da24449c4f530bfaabf0b	commit
c9a6fcca4fcf15c5ef3e1e8a046af282a8397100	ef4fc83e0e14dc39bc38a3091e30a0537b22162b	commit
fc0c99e9d70da5789a7bcc378c22b9a0ad2e57a4	36f8b51889203c7b7ec0757b91cf6305056d7195	commit
31bf774a554ac7d948caa950a9645f6162a29ca9	b323b0b6a48c3fd1de81bf2d3c8f4dcf064ecfb5	commit
56bd9b3d65eab1049648c5eab192f9c7c09b13dd	6ba4416984609ab81536ed2c3c2ee79108da9451	commit
ff0186d1fd122dc3a246205d76083155f3a280ba	d7564e9b50ad565afe955af1a842342529a97a54	commit
2fb690df50f4fac07bbb3d5e478e0198f5bcbf9a	ae86efc4c1ce446f5a81e7ce6b281dcc6b437bcf	commit
2211608e40a9b1f112e1d359e6823cbd27f99013	a9322ec3845ecde9421e7f9bf6602c46f95bc5a2	commit
9ef43c9317b49df80aae887c987a70424034b7bd	46ba35b5b55622ca8946f7d3122fe7a8e120182c	commit
cf3a62c084bdb0ab731a12b5e00cd47e52b255e1	8cec507efbce4d20ae6cc5f33b2f1542b955f96e	commit
d73e448bc66de3b24eed727ac2dfff5c0f6d64f5	f6016815a10ec789c745314234d4afffb8455a9d	commit
a5856c2d97c9bf37ec40dafa61d2d0ac49046890	ad8890be727930e23e49054067badc24c6906d8b	commit
418ed90c2748990c674a09e5ee1240457567ffb1	d4e9f898e9ac59c985a45732f298d7e621649f7c	commit
1e141cb3c9bf86805c9c2de210bc41f7bb63d485	422005ba4097a6f36025c57e4f8f4e2e946fe500	commit
8b89384e591dabea950e8a0eefe87cf82ca9fe88	5de1f258fbe703c779a57316ace1cedba5761f74	commit
176f7266c8a0be5dad8530d37cafa024daa6cd03	1fa4b12b7b56e716e398d7e38e4074057000fec1	commit
8998754f0c6621cd82a08c86f3dc26fc70e2971d	89a1fe0bbb055f8c4e8d92db1c4c3206e83e5e13	commit
0f89d3098d21a787c7373fdaa9b26eec07dfaa4c	e9fd6b5c44550bc68120c1513642ddb26bb03080	commit
d087b4d17358d1ad94ac1362799769c7e677a862	071e3927f2158571aac71b7c08ecfc6d6a2e3bf0	commit
e2ce7d705691d03c40d9c6e848d08405a5b660b3	ce800b4c8ecc301193e13e79eed13f1971e918e3	commit
573d07611e3ac077039a2c0d6b140222fa13ba27	9ebcf9494f7bbfc8f426e819c17e29fc9e84cfa8	commit
e33cf9e87396789fbca17bd26d344354f5ef958e	35e04d30922f1a1270c36c0bd77db4dd4180ec11	commit
61a6c222920ec4a5d043fdac14099da5d983a5af	63d974a2015a0f3f0ff7dec62f67cfa12e4ab839	commit
6cd5ba5c25ce67a4295acf1657978af0527911d9	70c99a09fb92bea42d46b185ca8e32bed32c6a6e	commit
7ae2b8d23e7cd09b05c47e59bce6234f83216607	6550af73fd903b88d0ca89bd409f9b75456f54b3	commit
cdb354360c51993cbed512d1352a602233b2b9ca	0ab97f6459fde645a277fd41f50b653564251a7f	commit
102ae9658665dc468493023cec6d2cd4a53313cb	ba388b63475b3f774cd7a15a89e5683fd42c5363	commit
2806172a43c175ad2e07699716be31b0b975dd94	549d410faadc9a110d559818eb288992d8c591ab	commit
a5733940777a8397bb0441ac7869b7707092d258	6a4cc56d3a5cde0558631e9edf43121da920bdf6	commit
c7aed0a99ef3959805725be571a3d07e98475a36	1a58641f85e122f53c039c46fb273288d0c4e0a3	commit
490504c756ff001be12ae78f08d2fa35dde3452d	367fbe19f559e1568b7d16adbd08f727484772a0	commit
b586db88a56f3e85146700f7ac41a019c1bb094f	9d9876612da7bf078decd8b0f936f4c6b06341e8	commit
40a57c51cd6ee4fd6f1fb4314363bc5a329a8f5f	ddce09bda3c2a60e279cac06903763dd6c5b6223	commit
edc2d2a04b2dd7b48b71eb26ad7bb32aca2f8ad2	4009aff2c8531d789c1c458713ec2e45f8cf0ca9	commit
c26442291f16514e4c67a157356ba490ee24e8ed	d59351b94535ea63c407a57a0c214f895ef3ce4a	commit
651a7c2337ba7e43b66dd7bc70da0cf146072e57	508e481adc3187c7f9c9fe9ba64c0e0f1d621fc7	commit
5bc1979039cbc1c1eb8ebf3f76581666c576fefe	4895d32fc5a3e884ad26897b17f89192c6b06f69	commit
94b6d07b51a0daefc009ff6ff08f5dba732f90eb	c56920c1eb314e7d8ce4a0370f0844f33d2feea4	commit
357e3d8a30f973a654fd493a589ae77053e2d168	fe6d45ffec9204e5975b36a980dfbb9b3785958e	commit
4f9c2c2d211d4ab9132b2a49ed536f0863ff0939	d144496061b59cbfd485c0099de5bf299f30e2a6	commit
c60f315fbb149e17245f987bd3e734d4acbb5252	cc8f5618f12f149c4e64534e88d0bbd7b6d07ddb	commit
7982b8bd16237c78c8bde91c796a35987fdc0be4	65a8ae4ced37e85a4813ca372313d102d7e46043	commit
af7ed4bea91236e41b6900f66d75dc6963269758	21c6b9fa39d4e085cd44d2b81094cceb98d07117	commit
425ec97664de5a5ecfcf92186536c62970a54dcb	0f89087f449f5e9e1458489f0aa785dd1b7e6cdd	commit
cd7009d06a920f16a2da19ba7a76068cd1deb059	fd4eb88fb50a553bc729f068f4481b12c92cf183	commit
d5e1c8d9cd0be1fede481bead519741ec987c7f4	ef08210b813d96cfb142af0ffceb34f58aaca366	commit
fbb5b000872fc9cc312f9cc0276d65375dd8812e	87381920e05c9b889506dfabc7cb307532e9572c	commit
72f1b4e060db47c49d7bd13f0291338ba97437a1	2f4d0abfc75f611840878d39f17d5715c0e0b29a	commit
5d0a3e4f108b751215c75ab06cf600a1eff865b7	260b3ddea4ef16c070aa7a1b32dcf4b8ce2cc6a2	commit
7b56cc257cdcafd88969a2c60fb0bf87cda3eeea	274afb875be07680e12567604b57f51211ac23e2	commit
8f7ecd77d78b7eb823f6f4f23892825bfb9f2d71	596f90f726a9ebb09a2ee1e3776ce7d907cdd5f8	commit
8d4ff7a96a7399ff391326e91c18e25f715dd1e8	7bb468e3339d7eb2503307e114c9604f8a07db33	commit
11cc5d275ab7ab6f41c2f8e102840d5ab7e97fe9	ebb6554fef91a489cfb7bc599afe5db8e3afdd60	commit
0976718c03b6d74c2a641a3549cb7351cff04781	d1c9547719b771d9264bba565613a5deb762a8e0	commit
29a441dfded52dcb4f1c9cff998742fec3fbf5e7	97b509689362626e1de9467b05367c3bc2fce86b	commit
1a5d1ddfae7e1e6e5e533e5f69f69d4f15bd74f2	1e17227529e8e49f7ffd30fe93e8f0c3354ae0b3	commit
4007ad4a494aeefd3b40d4e9d06ef2499c36f989	1b8c42f84bcb10d02ae19349f7ca6d4561d5178b	commit
80aceab8a0f78e2fe6fc5128fbe191c94d107f23	e4b3512f6d1702cb7097427f42a64a2b529e99e7	commit
d94c981fbfaa765bb40e484e2d536dc2064e3fa3	8a10df4df0a51d07ea17cd66f90c4e957eaa52cb	commit
03f3ea177a66cded9c4fa0016ac8f9e3e9af277e	26830da5f553150ec7ec6ffb67bc9d57745405d6	commit
709ab7f39234d4fd9bfb2227671da2b43854ebec	2041e03c400e8a156f6fa9f9d224aa31a01fe8ec	commit
ef5c32b7068c62f2800f47986e1ea115636ff04a	dada28ab7ca11b86735015f8c8a05ccc05e115f9	commit
7f08dc92286c004c6d62f77b8b3164b39b1ff520	5b96ab0b20a09d7e9e6e9ea162a2740cf2e1bc84	commit
c3e5facc5ce4821b9b5014be85a52ffb0fe33c9b	a45fd10522873030a4d84f394a471453a11721b8	commit
59bfadc8ae45b10444a2e949e3f78c296121b226	71a0d255f7748995c53bd177fd24044d68a85a1b	commit
673be4f2db9f5d9fe0f3e03a1c421f5ab735e7b5	a64d5788eb10722af5643da7bae2b8b7e425345a	commit
773d128a17b19d7750684b8a693562ae9e80a076	31a84515468c3b94356a6354d44e84b3b3c23c2e	commit
b939633f3aa761c4ba08d40a948596019c0c959a	aeddff57f87501fcadfd5e1fff6bfe6eda50a962	commit
3f0b0cfd2b051e20d19b1fbe0dd23f34f2ebb3a8	a2a88a484cb7767867813714892e83f5152b75fa	commit
c41eba1295b15dabd24380106ad065897114172c	efff79a8cb92cf7340f047707683f4a2fbf8cbab	commit
badd68e5ed1a5561d4c45cc501da648d9e9c6462	c34897f15855fa9cd211904e218339c057ffd9a5	commit
f1bc7681db4fd90ff5675b0eb18445f5035c6f62	13d83d72dc2f4ba8dbe89480db837c0b000dd6bc	commit
601e0017865c83c5f3df65adc160fcf6a331f287	09f4ea05743446ecaf56b3b18b06712600d3995b	commit
c2c867a4196f7fadc4b8204e3fc1cc70f9ed041b	c97cd7b47d61a609985f5e111c88f9c07def8576	commit
ab0506d2b21dedacd668364b95fec2fd0f5bd8db	efe6e0c1e502bfb7a39c8f291ea1516e5b4ef53e	commit
2195ceabeafb5d65ae935c7f390100824746a448	879591ab632ddeccaa82921adb1cdc645d58e3fc	commit
b62d84a7012869aeb19a4b18853bb0cdb4f54741	341e7eb12a913c9c265d67582aebcf2d8ed3c0ce	commit
56239d82fa8eba991012ac2e6ab420f9c69c82e9	a18d1f8dfaedd8dd6f7ec1eb996be014064c5f2f	commit
2d96004ed2ff7338fee895fd147a6c47f977a2e8	9958950abe254fd8844b6d3085779dde5b73ae43	commit
38b32c82bf4bbe6af0827bc5a27b72cae133bf49	9caacb5c844e4e52eb805aad75a9493714ff37b2	commit
9777af7951890f1cc82238b3d90eccd9abf51832	0c825caceaba28ce9ffb4aa6e07e20128f73f725	commit
3968d7377eb231b4dab176adf820dd53e956835c	d55e34565cdbfe0ae44931dc3bd5fd1b95c80c46	commit
b9617aa422c335237d307e9177f6525482df9f57	2bbedc898f5f84a0187c172b1ca315689cc25c75	commit
a0f1830725046917a9966cc1b6ecde50f6a59eb2	4190fe6c11dac03fd95670ab478bd421fcda6e7b	commit
d5e5dafde6b36452be4899290040552959e96606	2f9792a6a8277f8d58ce9005f86c387e69576e7a	commit
bc05cd5834abc5d1cd0dba0c6d52437dcfa5c0fa	801946882b15ec9b66a9d93997ec97179c7c0009	commit
13709af6e583cada0f1f449e46dab466f8f2ca17	77e78d1f14c6d65a474b6d50078606ef016b44fe	commit
bd88ad963d36890d3b46d013bdd5d2a7180c7add	86ac82634f034d6fc697488b7527f874f5ce00c5	commit
3d420913c5d6c0e34fee64af32557b040cf4db89	b4f25631f4d0edf6d4c02abb615efac32247e7e9	commit
ea61f0c12575979dee1363644f71ec1847d3f7d5	059a362b350c96e2e45a81c903a0852f5e9ad459	commit
548e2aa38d86d3802fba13247ede0003ef87193d	9efff9c9da298d960aa2aa1dfc0a7465fce27305	commit
dad436ecf705adc546224b84979bf47067d32751	ec258bee4c9651e056e56f772dc63c1d447de6fe	commit
b42ffd896067ec2252d45d06b57e9a7f1ee17b6a	231223dc865924bcf1dabd54b49235f11681aaf9	commit
c5bebbf71400d18c065d8bd5716c074a2d193375	f775de5b7ecf799f027bac3ba14f39316500ed2c	commit
ce5257b5d9e4ce4f5e6bc0932256ceb2b41c0b03	3bee6ea70724c1b3822c62b6bd81dab1d90e4f3b	commit
d18399b21cf421fa5d2de4114c52868fc235203c	ff54c2ee2a7a90ad6db7b406229d18803e2abe2d	commit
6341276547adb7f19960eb868dce3bde76b8eda5	4ff6dac47089e79ac603e8bf147da0d8ff098e6e	commit
75192fa8ce1d5cef2aa6664f225392e61c6b39bc	ecaffe80a772c78c654b7db2415191be36a533f8	commit
666fd9f55bef2bc1e01d6205f769b59119395b73	8a9ffdd76c4b48a552670f6f426638b71c6c5e90	commit
e6fd18d80f4ef833f4b24a0f053d440817a088d4	71edf17f2c6b969c1d2c8a4f88d6ae54f225d1ec	commit
53a7a601239e40072e713c1dedd2681e6c2e6d38	6de41a72e9f3c923d64feb98989789ef7b576e1c	commit
786fe83e8b45642b9763ebe398c075e5f6fcea88	7237be2b55aae18ff6c578441d1bde9ce7efe3ba	commit
f7d959b7c6d58360ceb2d043c5e7ee609d144a0b	aaaf8bbcb32612a7db007e8899ccf316e676d464	commit
5aa43b4e09581c0a4bfb5ffe5118330c40924639	57af89cc792ea9a6fc1440445a512ed9d8da01b4	commit
78c5da5bd2f5ee26cf3454ed4532cd2cd7ef7e7d	93425e64a02ce355b34d02ffab536d136e42355a	commit
42d433543fa0dcacb08b9ded9f1d0d78e730e9f0	b115046a3c0adc07d3095f991d0435dfa5033425	commit
d9bb156fb96897beb41c14d3fcb6c58f8f7ce365	a573cbaac3a693f88def14cd4c5b04235752996f	commit
d75ca285d6270c7bff32da26a5e4d1d85dc80626	88dbb20c44c9c26095e9d769906e7291d9a0589a	commit
65749dca3f41d18893f2ade63ce613b31e6b5e9d	efc2ab7043af5cd9f24d5a4f19d3c440b08a45de	commit
f0dc38b0d2e4ff8cf4d98bb979258b3e5efd3991	0c689a529c1095082b571985d47ec68c8f613526	commit
c65afbbd106d8d70ef3c781ec589e81b0b225e91	598e58c5474cb729ce865b214b63610284c8ee68	commit
cf06677851a25321f3828d570a704cec8cf238bc	b760f9b53f649e73febb83fd44bf41738e8a4a3b	commit
f98d69e4ac571d25cdaf727bc22758ddc916bab4	865a3f84b51a3a60215671a10a1113c62bf63b4b	commit
70cc2acd91f0c84cffb1a135409b8c3dcc4c70a9	f93559a1bcc469a1b66efba13871c33bf7514c12	commit
0002f17033b41eceeb75d31de00fe383d3b94382	3ec8b50fa2054d060c06748eba70a56ca2901cfa	commit
0928117c084199ec6403a5338eb74ac8cb045298	e470b477e994fe9b83624f6287d663e9969cb7fb	commit
d41c961a7e0496f1860fd52343a1401baf07ce02	83115defc932ca8d070703bcca4e1a2f3143094a	commit
ebc57fb3e2b47b6e53d0eceaa7fa329cad2b31a3	15076580b0034746911a98aac12025132d6e85c4	commit
bfb19b14ba565725e2b2c8d82a1b0a18f5198d36	e7ce8c369fea88f65971ade60c659d669835546a	commit
51f09bb673a1c86f844580e4811b78ef4e6651be	133168f6e97c32f97bbe1b799ddef5e86bec90dc	commit
856f5801a4f36b4595d7302b91aed22975903eda	a8cfb473fe6f4c4ba95771abba6eeb91d32413cd	commit
6c5ec4e57572eaa40aa3473420e610fa9f7b2cda	3f7725d3375186e5ddfa19ca89dcb0e868b03de6	commit
35c14d2d8350c0bc7d45c0a99735ad6b2d42a826	a914eb45cfc4e72461a324a83e7ce4c848072364	commit
d654c12ba12dcca26aa719f8a012a19847deaf6a	eee83b2338147fcb60a7666e8471abbd7c003cb3	commit
6c485f24ec60cd022177baf3b7f65bec688b0b4b	e4066c872492be02869f4536e0b6eaa6aae7ec4b	commit
149c826b9466a1a642c55a0bd0b5f10f78913e6f	b3047f5e5951ac0cd8603f97bab2a2299aad6a34	commit
9333876155195819e2e2b5f6b684777b7790f74c	00b9d196e4da76272b91ecd929b2228e2d8cb376	commit
93f51b02bf19225bda80b0976b7adbcf93bd17cb	5ee1a0b08a6045f42545157b52a83f59d13646bd	commit
c02df97ac7dec6c06e3a31251443cb574c8e14df	3a8c68c1d446602e10f00ac7c54dbf5b5aaf6712	commit
ac6080baa3619b90c165135255540af5a99beb73	d37ecaed3921309782c9780fca09ceb176fdb536	commit
36cdc3b1900593ea8a5ea92d25837fc12302477a	a55b0bb06db8d2a8ccebaf011ee22c97f2213e63	commit
057869a846260065e410c3484493f445c0df0f9d	b6a144dc82dde4427570e062f61d28c4ca5c43d0	commit
43bf39661c66354609e542fc8de61b3f3b662fcc	d92ab0981d5482dea157d36e850c67de8ac7123d	commit
48e1e19234b6eab48e2b829c1766cacea140549a	c86e38ee683bc659327b36ae48162283408470f4	commit
882508df92e2ebed86228af2d9470c9cd68ece75	9e762ae681fbaa6ac58afa9d55d901eef362dba1	commit
2f8bb82325e83f6cb2de16b6aa40443d0a3be29a	3189b0c1be2926d534aaac5976128fb5d6e7712e	commit
b84e1a1e1adbee2b4fa94f488ce23397fc531e50	925443beecfc6e0d7fa030a2eb0a2ada8929a4c3	commit
552a2ca3934d487ef41a3840f5dfaab3c9a1b9e1	8208264ec9abf5a40d725cc3963162690abe2831	commit
d1f795058cedebd71c10f2eeb386e72bf27a2a5c	ffd015d52f824284ee5cc1dd810b332d705e3f99	commit
6bc71b5c9ea8d8e4645928ae59c42364640d8db1	878e330a06c042e2f1055e6bb5a023c3f1ee6e89	commit
811bfcbe0a5544875d734e664219567117979a62	4d6e980edff06ba8a2ef9f901b59f3fa19cfe0ff	commit
d85405588d57780b141e6124f9c0be48c3294904	e44e43e03ccaa6b7aa40fb3bddf7b0a2b961f4c1	commit
1e93e86a0d0b63611b8b03c9ac69259f32ec4786	c2c5b8ce27a4678c11361ea8f9896cd83e4e8ab3	commit
79eee7f8bf6f10942b45279782683a8c8824691b	497df3e941bcf03a5fc3a9e54560baaaab5e3fa6	commit
e9e92a06f7b0ea8fd29aeefff7537e84f7c3d250	b5beb7c69cee3f6f10b3d6f917a5ba99d4b70052	commit
b50b160a1e4b390dd6ab35a312f260a82a65cb1f	aef8ef44f9f998b1b790e4788c3e89c77366eb1f	commit
583f8a4977f9557427e513fb061b4bd8a13cb4dc	df812750a96cb6c7eb60c0a8bce014d41ed73012	commit
7930a419f5e86914adedc2c05322610689f323e4	b67baf5a9ab6941f03a94212f4bfe8c9e80b7ac9	commit
ae4bc0fc5f161789c83bf35f5c6409d66616b86a	c079b46809451a82e2893ee56f2d75365ae76b89	commit
89eb949f013646779f4818fb652f73df2d3f42a1	8156c608b3592466b66fb6d3563aa1f49ee9ce72	commit
c0e0f4eef8e9926543fc13822a35a152ef6e8566	6ef80b639875384f582331f36d22139d4ff778a0	commit
232a8f484ba1f4daa4235280f1e783a6dcda8e86	99edba0176f313b796d8a892de491dda88b9fe1b	commit
e032aede8b2f548560a34136903446b61499b84a	a28f38922bee537e1873389a080a200892fc60ab	commit
998198b59b23110e6fb0724acc90ca09407e6155	b2c690bd6d832442aa8ce2df40861be5e6a35dea	commit
1e27b4f95ecceef54a95145638ab8348a4443b7e	1ba6bd8df70d44ff34b62bfa028bfb1b16cee77a	commit
f401af76cb790466538ae72244b905a20bc6bcdb	bec52806b664fabea9ae98e760efab02ea775c98	commit
619f7a13fa6b25c45e1b0d51379045f55aae1249	e3485639e236eea8d40bb524b9a5260f782684b6	commit
3cc6ffd98111137ade0e297a5c2dd242a5c790a6	b63e2dd9e27928d7ca4b89adb2043f619c06e43a	commit
c27027660e1a1aab49e93f38f893619f0a9b9233	e71f48d807f4285431e0c84c03109c459a57fb8d	commit
611d02f3398ee1dd82c28795b8d4011feb4ea83c	f820ef4bfc9afb8046d7638b66b7c3d55264b754	commit
c6265c4e94a2e717afe4898c65902f7fed87bbda	d8680d72aee1e53088db1685d6a4f82d3ac1a1d6	commit
baca58e3e84e8229ad8dbaa5297219c70badebbf	163fcadb9ffd65cb7c1d380b1c3e17a9ce0c8f5b	commit
75a75b9478bb04cadc2c09216d40d337e637382e	80721a1386a8a776be62a94c0abbb66e5654d0a2	commit
e979a1d927b5d917fc54918775dfd686291ce2dd	be8c0103355dd1671e9c2620d8ea062b619586b8	commit
c2913b708dd4d2d519377641e02070c297ae3efb	71c09f924f84d05cab3de65295e898cd23b4b664	commit
14be533470e00674ba5e512a44176623f918b5c3	ae9a2f95658910c8d24bcafb20b003d11d81addc	commit
62322d04cb5e9b9b91cb368db57b62a9e2220757	b714f5b0e4fae5b3ce22a5d23effb4d0a6cb04fa	commit
763b2699dcc286643c77aa8c015ae8896faa499d	9b584033d60ce7a2c377c017b0fe02c0e2221b5d	commit
b6f6109d483e3d7eaaa9d760c4f23a05a47bcd83	781ed6bf2b5d41c22b68fd676d0aa72f7ffb01c3	commit
f27f742da72287f5ab961ecaf3320662f6735214	b2bbf55b430a8552eb1925a27fb19372d374895e	commit
ce9b9c9683a75068f804984a9e5d0ecb11824494	e1d59d4c94be988c3c4029380ae56b40d0f2a945	commit
efd8b77cd7653048caf82a0a72c36f17d9c7470f	74aff57f837f982fcf97a4240dc17c8ccdf0bc42	commit
8b51fcb9c9dc547eea3dbf7738b1b577bef8dff0	a951925151501f098f0fc8748450bee6e4c466ca	commit
08067a349d9eb905957d41afba5ff7cf2e3aa240	37abe04b5344af62220733e16162f38565fa2649	commit
3afa86397713cdf6439ee4ac39ed76b01464110c	406662c6bf216cbfdcf352abe88ef585f5b03037	commit
1350dfba25795006bdeaa3e8c2000a242e787761	6b88f384f3acfa123053fca9cc097e0266fca01e	commit
00941bcb335bab3b8ee20eb3bd6ade97315c9dc0	f4d38d4ef7dc1be014abe4f64d892ed97303f8b9	commit
3a4b8aa24a42fffac2a65bf06b0603d2e6cdce4b	74fe3aa9aa60ced98f38db68af1cde06e52e31d9	commit
f79f3ff2d3ec8f5f8430e20855e18891227948ba	0780a4004b196fdf6f7c4478c6ad391b5391488f	commit
ffd0023df052ace66fcd649c1e63ddfd3ca2601c	f3be3be2096c5941414df00792b03e5dad0a7dee	commit
2b61e6e8e4a92d33e44a4328a4bfdfc2e871bace	800e2c417e9f00088a49d7d39a2fc2c05b65a525	commit
ac082323113d86d94d85dc675c4436281a1eea02	3cd1afdb8ac2c08d78ad351f1088e17b2aec3f55	commit
b7ccb61b15b5e3a13261f385f31b4a8cbe9982df	8e37ea80d00d0700da05fda4d6d75266cc0a8857	commit
36980ac0b619acf3401e68b8a95b5a7a24107340	c3bca53846c8474c777e984fa8e39dcc942957c1	commit
215d4087adc7b31af11e6949ef45d8517bb490a4	2c5ae181300271533eb44a0a1fd8c58ed28d5cee	commit
6c142f79722b051bc274461892c79ebe2b46af11	df90e1a76a82f0a891438fcf36902943451a1ca0	commit
e1a265ceccbbdc697e0e02c7038538974516a9a0	4b061ae268268cd9305e0381b7ba31fc8d20d7c2	commit
5095a224c0b6d9ab29c6a72c0e2845d23e551be9	abb4b59113b85e0512eec385a9d8626d12247e27	commit
afe5f9e92df6ff16b7ad63f4be0e679e25ec310c	130531a991831490f5ee0626a1fc14d4f8aad758	commit
d9fd95dc13df141ef10f5852ad0c5a7ff605f4e6	8c2ece044dcc5754cf95286f48446b21421eccc9	commit
2c496f45924327233dd35b9c2e88cb6dbd71274d	c078a1e6ab970ad7b1a3f01119fda5f6c9505323	commit
61e9a0639d0d150ae1d93ff0dd182c97f4688b02	b51645b1e44e8ed88b897e006397bf8d4fbc3bd4	commit
2080aa43be2fbe7ea217dba691e2a022d278f468	9bf38fdf2bafad230a18d04ef4bf8a02d2fc3ed7	commit
6bb9e62f65c097fc270e72e7b969f9e045da1dd3	e835e89b3b1d5a13a34b39bc7ed853fddef5a013	commit
22010e6b0f308e46fb250761d72147b8a60711bf	ac937d5d6aebffe3fac0f7d0e9c601046aecf443	commit
2d8670b704538b8449fe4b9f4b0bc1449a82e5cd	0ce0901e2e723784ea487e6275d33d43e3fdcf8e	commit
41c1066f9da1e763c2430beb8c561a3ad9c7b159	834363274823ee316ca3633088e02dd2291ebf34	commit
7c2443d0462f2fc7d13f4690297c12ff4e0555a7	f9ebf62fb302490167d578801e780f410113b569	commit
74668d6346a6a51c93c737949c364a26f0438e04	8cea64dcc8371fe1f80890621c40c9f570374a84	commit
586da29e4e7d105dc13269ec4886c375d096fae0	5fd690c3e85815bf2a83e6feb186e613d7854da2	commit
b18940458420528d522fde36a9cefe9e03a5eb0d	20aff27669fc11f91a33d3ca22d64715f7c1e9a1	commit
1d2db66bdf6f955af56dbf6e86ece5a5959450b6	06a962d0211a74bbb10466a65e21916fc8e20ef9	commit
2ab6a5d8f7c12476984f26ceecf3f1e40a30ccb4	28bf9267d0db57db2bcf0d1755fb8bcbe1dc8cfb	commit
6d80305cbac4f4a2aeaa21600dcb6624f4abf2b8	9e2de95160f0871596efad96c72a1ec1158434f5	commit
4902b0396a6a8ddb994d383a95167bb4ef3d3863	02175eb41fc9d8edf2bd50c2929516a642d178b1	commit
4918c966b6227c5b1cd4a144aac1c994a84c9339	10b32032340da2e034cc74a89e004e16e371b4f1	commit
873a63701ece16fff4d2b821633ae40325ec95e7	6c6588869e6ebbc38883df1cd43d651d3db9d6ad	commit
d2eb6fcab7e342bde361d1e32c0dd2449072d9f0	d60e4fa3f77f1c14dffe87aa2d7c8122eae5d751	commit
a732102dbfa98d8457d8c1f10f131cce5c034ac0	88b8c10b86dd7bfafb0e1bef40f11a67bdaaee0e	commit
dc5cf05ce6aa637f65e4bedf0b00370f11d7a785	deb6022662b86f7594da03fda9c83411719a711f	commit
047dbe1fe64d878c6f62e08a2789449c5933bc06	f375fc3316f2b4701806fdffb3227be92e636c5e	commit
7ad79acb0c136e8c6f3ba2126d26feeb725693eb	ea7fab5cd72f1e96b2920ed682c49f368e7f31d2	commit
8f4a05b6f1cdeca83fd01a0ddedf91bc303bd54f	1785d2929ef8cc7ec2e277c38d641efb228bac3f	commit
d39e14cfa54882f4d89e94f68e5730dd2a6e0e6a	7ef372dfc6e89db2dc765918624fb628ee7a3d8a	commit
43994c5cba818a64f54f2394c23c1fb383c617ec	6ce678187ca43935fc207f24d7cd15654a36dd4a	commit
ba05e9589960f3ab255926c50b007f9d7ce1b4ea	139987ec953eea66f520f2fa01073088fb7a0fc7	commit
5e3e7a58f9fd5986a8e4717002092031701f272b	b80d9a5a60458b7fc76f771591880b42a581b0f7	commit
d714ce4d855ea4c0237efd8afa914a3c92deb193	5b42483d7632744c59215fdcefbe0737c4f3cad1	commit
747b3c88f7c0d491a35107156944ad3703ab44bb	9c34fb3328eb4f0e890c291102ba94b6a4a5eacc	commit
301a1856e9dba25e6a9da910617daf6905753c7e	e025cc33296ea1e3baeb0594003ef3574251af56	commit
e49e50bc6d2e1c249defddc15bab167ef271db4a	666d8f8315344e34c2895138da9d16191d8d09e0	commit
686082f809b0e06b0af3be17656f2f00157120dc	59dc020c96c96b2e334f9639b80f871c1039c911	commit
668e36a83be066790ef8332e3b4c6e2daff28f95	2a5958dfebfea1114c0c08e7f4b9050afdbe0b82	commit
60c795f9db777f71312c2069672b45051453c7c8	0e5d19c690720060be1eddf4637e4294bcf4efc9	commit
4148aa2ae274f140d88b946a45e58cef553b6e9b	16579855a6670bb134d8ef9795c38143ceeb995c	commit
82bbba9a1e525b8672e9de2c9d6a8b4efb736995	9ef15ee9fdcf9f07aa78b46dfd9b065db3e13aae	commit
0b2e700a6fbdcc23e9891fa6fb104d63415b9ddc	9c2f7b605ddcdec45e26fe48ef913f59c7f78a60	commit
41fda864c9bb5ac99cf299eb7186dc6b616aa2f7	93790c5fc31bf87b710551af0b34c038d76a7ec5	commit
b2b776fb19bcb9eba299c30f5c03486704dd2d57	c723b6287cd2f9b179ebfb2e7836aceeb2184d0b	commit
cdc7512e9ecee11bee233fef1b72c93de8df5b7b	042ace4b87956e0a15a7d287796f49828d48ea9a	commit
db90e49b434f44b87ea3a9d6205a93c22ddab07f	ec25b6942ed9116e45820dd4e39bb7d26f91b23a	commit
4af05cf4deff9874baaa5390acd19cc130676247	d7e12924db36a876243acb1d06870d5ed5c38289	commit
23f0f9fed57239e099d03d49b5bd1ad5ee91d8d6	7a23e072e0c43ea4d61be2c03981481c9e573a0f	commit
b232f0358e5b5cf679925cae13ab14473290219a	4792848fb49b144da101600eb116fb6215ab722d	commit
1d37c26f0a31dcca7f72ab4a8acf4147921ee5fd	85bcba08e2e89c6ca56ad67bfd5f64c6a0f3168b	commit
384eb2122c7f490a29caf4c3601bf2307a705191	3698e278587633d32cc2b8aebcc7212234c9c770	commit
05f7d80d268ea5fab75efc52c7c8852727443e2f	f8eb71529bf8649a8663dd69c529c11a63d21423	commit
f4f422bb2f59551c0950c039df2435e3d1e09c79	3055bb324f801c269258faebfcbecb00ad0cc561	commit
ed2d2222fc698f0b38c9d89db48ebc1810e8219b	00c506c7adb3e370bb6fb57fa2cb893d4db3c36d	commit
fafce46b7f432c2caee2e7b3e29a3135f0d26c80	370e50fe21afa3619bb39fd154a3981cea7ed15f	commit
ad29860cec0541cae8763a022d1ae78ff4b168fd	6b7e674d1a16ca2b75b666824e11955b92549cf9	commit
3ee628772bce2513ce244b9072ff6e12d292efc8	258ee7f4d7ffe4bae749e414ceec962aaa36b1e6	commit
1385b5073618868cf94958f1cdb88a442f01c82d	d3a1c24e35e8f8973e3037a0764cf3d90f461ca5	commit
ad416cfda46a1583ba8b6cc003e9bd42634cdfad	e34caf28e090d10f0e305d44d1e60de5d9d7e158	commit
18cc85565454ab37615e5220116f187f1282a672	5f2a2ad969644e1ee4abf84310f27f394bc35ac2	commit
ee490c42962b97ad31e24137630caf6251e344ca	413e20890f4846b420b8b1e55bb154a0a7ae009f	commit
23fff433befe4531adec9a9504829298fb18cb66	4792aff2e082a69a635b8ba05acef7bf1de283d4	commit
5056467dc77128596bee2cace0f0b58a898bf96a	ec224325ba03fc68461454d6ac89efa1d7623861	commit
9a029e9a711e0a53a47164f14de1e70bee7e15d6	2d5f00553519ff47d88faa74a58e1f696d124927	commit
d10138287f704afe9c7400ca7a56954c80d302f3	87d7b583505f6d8f4e16f8213d461c176e08f33e	commit
f697fbc867c0d73c7d7a095e784abd8adc09a3ed	737195453bef25fefbae6e95acd6d99c94efd988	commit
aadeeef8a027991950178f71c2f79de0b14a5078	454f4caa33ffc47c0ddcc4b81fceccf3a52e3c3b	commit
6c2f10ba0ce70fc5cdf5066dbf44580aef5b7ee8	89c818f563d017586a1804ad616d5691a4bb34af	commit
5f34355d81a7afc6c07724a1cbad847653288949	f2d431463801ddf6d6721afa0aa7a7bedeba1bea	commit
75379926c7256d7ab2944c24c92444cc541c43bc	b8725e3dd811a8d24ff1393e8c3c47de2dc4484f	commit
66fce9204cb93d39f5567f65edfae803cb01b157	3110f129507459ab2279ec025ed1c7561028f5dd	commit
741c27dd43a89e486d5ec8ef97ca53f8ec6aa6ba	a21aff25f6007e9e113f5a161e2396a4b26b7c76	commit
447dc8eedf7aa98bb8b3f01a384b093c452d2982	372fe80c4eff5c5c16a990edf558afc9cfc55081	commit
8ed1e557ae30502fc6a1196e7a843fe2d64cbe9a	5aba29cec3ca19426c155846588a8e3b87d2773c	commit
a38c9168b92d3936ae9fc37f244873a018959a0c	404e128ced9d1edfe06993f8ad600234bf80c0da	commit
9f39edee2ec636d06a295cf5691079b75bc39292	fbea479a0a198bccf3c3c5c0c0a82432f9eb7626	commit
63044e9ab82d09def64f009245d75bf28c97fc47	ada54107da33361d91ceeac340aa6022df7820ee	commit
ba027e2de8af3d130428dd7b365ba4ce83936b79	dd60bbd1e4c2804b85d983ff712ad947cec0c0bc	commit
03034b9367f26489889d0753148387e36b7c2e35	1fbf55e19b8c14c620f0765d2ea97eb263f10538	commit
b98653faa8214ca0b686030d19ebbeaf9876445c	0e946f2efb2b3372d74a1c84f493ae9078296933	commit
8edb436bdbd1e690c1d3e73d6e6d4f32585aeaa8	04fbf331855fc8021a4137a1dbf19d2e274f8ff4	commit
220ffc2b71b3ecf4205e985cd88b578d7882eaa7	3322e3ad558e3e11f6e2c8c0c1ed9e824ed61e46	commit
b1586c3efcd8898ef804ecebff7075520f2480b6	b70db5ca512bb531647b7b50ef6d69fea9861f7a	commit
0ec2cb93b47b9e4ad95e3218278de179e060f233	638ddc046d032abff7783eb64edb5bc99c065e50	commit
205279979eb3ff0c4cf28d864abdac93c05cd203	a849e99070ba3b5cea476ad69e325d05315454e3	commit
2b87404e6d7e31895c95d595c96a78cf2e7c407b	0ebe57ba865aa4993b615327f2cb773d5c7b4286	commit
ae0c348f204297d0c7ffc096515a6c598403a991	bfcd177c7d7df742c0117006878c2466362e150f	commit
c809121358a020a0f4473e1bc4a4de0e148b5c59	f06efea758b5db01a0a47d2cc07526120fcffdaa	commit
3bd2621048e166cf24c8a782c79edc77b8b5b2ab	b6bff24c8295f089df9b6b8a454dfe297e046f64	commit
47ed1da15775c2ea0d4fbae8c23bd472fab849d6	a847224fff682d52de7dcd1b20ce72c7b70094dc	commit
91ac3b92df018d20c737afde7995da5d0a57e34e	3e5f39d2632410574ee6034fd2bedf5a378678b8	commit
af9a48ac44ebaf6498f6b180826ecc8c1c1bba37	c5e64eddc81c6167df668af7dd89066309e0e2fd	commit
43a526f5434b2862e753051e70d84380cd57c726	0b35ec69366762d95f1d8fe3a9671453b4112a1b	commit
d65552ba3498cbc510a947dbd413d2cd8d17e724	99161bc606e9d0ba59ad6ff6c7588925a2e706f4	commit
4c6e5b9f4f294266a6d46c7e58cb087eba398775	dde46035527369ea5293287d01c44aa7fecc172f	commit
4a0b44f263fa61b691ba402c950991af6081675a	4e3a1aa0da3478f2b4d476990ea0b677906cec53	commit
d6f67c01c082683b1fa29228b18ab6a0eed6db19	7f8246e25a289fbebbb7d07bcee9443abd4391d9	commit
c1f2d025e1ab266ced420c3e7a242b22811f9f44	bc60dd753d7c547eac7aba2dc770462596839a1c	commit
760b1805e372bd8507d2e1814597ee9d474f8e8d	d7abe0ccca4b23f90c411abe436f5fbc674862f0	commit
309b303d819159aa12910c971568f6cfdf969076	ee17cbb899ae2b892ee596ff2c7f1287929a8eab	commit
049187d8bd419cc0061460357c7349a60ed0a90c	bffd15f45ceaf9558f8c03a690184bd11d85dbd7	commit
52f4eee3b292a69f8e7fe84e483e8d44581663fc	e0d11a9505773cd11de93b3d01e10a9b8769d9cc	commit
ee7ff92e15de318c6277dcc5e6a0a3bac2059415	aea54a2e11b7cd647681128b0b72cfa4b4fca0b2	commit
ef7e92d8f607408a8bd44e5e48decdcf0fad3245	4b13a42abeb2c0bb41e1bb9ae8afe801e91df532	commit
1118eba87bbe87ce16d7920c53bc9b4f088834dd	49b59917e30b0704ddc6348d73a5477a7e6e3598	commit
19457f96f557f786d7d620fb920c9315063e8ca6	db6c845135e0ca7ebf28f30c634e2cef07c3a825	commit
1c0ed9bf89774a2cff630e40b714af7ab8a48069	3a57c0fa3d8b95ca1e4816521f33851d33e07c92	commit
bdbd1e3a23e2be7ef77d3cc8c248b0d23e8cf709	6545b5b6138d3f19cd732a70e88078e77bc2dd49	commit
d64bf9c5d64e267376834834cfad1e8c292664f8	3e4856ee1e830faa5157c97415ba62be09cee61b	commit
0c5d08bd0cbec66d40cf8a06e91d65ec28631b79	374586d9b480634df37ecff878ec8059c7d3c36e	commit
407c5b1a25a52e947b31eedef6a03ba585d89496	a8edc497665af732bf6e6c190a20d26c69edb8ae	commit
d5367f8913cf5f8664ca4f860a22c9af2a391522	e5dd8c138daa7e1df88286b73d199e4b0fe41461	commit
9e628a8ce452bf3c57e6c53a022e3b47001bf0f4	f2afcff1f6ded924bfa4274f11a1fa34fb6ebb0a	commit
1622f672a582337587cfe5361c1ce62dd26b2dfc	5572b26e7019c8da11bf00a4da558c056d5f9127	commit
c3ca9efe46901f87ceae57f1ab554b477483f1c1	0c7510ddb2625c79efb1e308241859bcdfdf22a0	commit
6584093bf3c82b93d256583ac07a0c7d191cdf9b	28f479cd52bb3baae0eb1955271ab30066c397d2	commit
f8f156c1fad705452f8f35c1c4388e76998fe1c4	9ddfd33483cbb284250f983992623338cc11990f	commit
6f813dac4a3f1efd9411e8e580f0c6af025df66e	378eb668d9b89960334136077f30cf00798eb1b6	commit
4052cef9dfb64b755691d02e37988947d2b48547	af099f495bb601989534a0531bfa09e05bb75ecc	commit
2bb175edb7d9b80536ae64e2db9334e50d6f17ff	22d800a1ff205fb8c03306a71ee05b811b6e0d23	commit
a90c56aba55cf5038b0ce0193aec73ab8ea0ac6b	60dbab34b84829644efe590f23c172cf1410e026	commit
849aa4f872798b788be98b455c8042b2d188ceaf	9a0238deaa1e4dbabec95a84c3d7840a078086b3	commit
c91cf4caebba47f0736b14735d49578d44691f3f	bf28e738b663710aeb8841febdf4fff43de21bd3	commit
55b112a90e0dc85ea714b6d5cfe06fe1aeb7c8a3	6096aafcd369554ecb7c51914855a4ffc7e8e845	commit
bb3b27815a2510bb528bc3497cf554a760452f95	8a9e09ce90f4f02b9ef12713b3c92b4c168b14bb	commit
ba088a55fc2cf74121f8e81d8ad0a7c9e81e4dc8	3161d10a7644db34d1c408338ac6fc74e2e0c53f	commit
dbc6e54ca7a014e13a5bfc8ede7da65554768f50	6909cfc00a2a842ac6e8bfe5ff77ceb4d3412c28	commit
3556ad3add4c973c9c07e9f3db33a81bfae7ea51	06941d5082157afbcedc0b01e7fc9c8bb2a360ae	commit
bd53e519efda0dc66a81cfa412116a18d39cb50d	77d148f14b7da2e0d2135ba6a1f8233a4bcba8f0	commit
a0e759ffcc6cbefe537c95c54ab66ccf168c70db	e00cde59f341b3c0f70bbc4a059da2d0f1f8fa13	commit
b197c04e8f1a98d066e5d648acb9942dbc19b18b	8c003a73e1324810d0aaf15079c7cd2572947b3d	commit
39b7039f8b9e15f719a68e0ee412b5aeb34dfda6	125ac95cf8670bea60a1f13bc6811cb9d0bf34dd	commit
a16c08b09e042337e22398a93e9d16e6dbc1e6c2	666852242957dc628c675d8c00b2bcb5d485cd06	commit
e2daf524662af37b9faf3da89e9bc248e3612053	f932da0f3aeaf349bae8b5e6cdec00d36b237707	commit
2fbefcef5f62e98b180e4432cadfd92ef5f8b4cc	60b3b9ff25782828f23b8f5dc6eaedeb7594fdae	commit
282c80438e07b8398a13640cc7b51259ec8b0591	c9276b6ceb8b2ecef313bc7a0dbe48f84274e513	commit
ae1f6cc27d5faa6fb165100b13fe6c641f31a235	db9c54bec61585451bfcb9391e7d9e984334729f	commit
d60736613a6b016b5e09417cf62c3dcd4c5a9264	55ef1ba9c4c220e1dd4232e26f3b381359a8c625	commit
c331cce94f14c22bb6178914a689ef64c4928d18	84c383781141d226b5a6e9b2da78f1b533b7327e	commit
6c90115d1759031ca8e015cd57614d74fb0c3bb1	cbc9e19f9cd634b51fe47f0aece2484cc73d27f8	commit
bc7744e9658d84732f77ba619bc8a6a35a0b8d3f	6c1dd8cc5b606968d2e37500d25b5f992f40fb3c	commit
5e19c1dd2f53c7b8bf00531243d549970a5c6f7c	1d74c2c76e62cfba7409f339f3e2b0dcad99adfa	commit
4671023f3d008536fe93f35d20351f010ceb2707	3b522b1f2780a734cbff23347f0e203b08ad0986	commit
967281a3903c59e58cedd1653b1260c1d408e9cb	ef6eb8e7822e65d9087850a5f0336841a6ccb4a1	commit
883a2a43a4680fa36638d6018c214da49b257877	fe71d803f7b6aba8876bcdc1970cbe1442723fd1	commit
86274530e0f155a830a5ccc2064464bdc76f3270	118ef29c0a3a806c8ef277bc0a38df14744a75f4	commit
170784207b0c9093c850c629c19f0bcfff54bef7	ef07d6eebe8932d3adf07850cbb1c9e208d5024b	commit
01c4684ff1152a7eded0292ea427888fa57b2362	e80c42b24bc794b3b001d46ecace46e6533c2b72	commit
0efc168e02fc5909573b51d222ed651a7a1ecc69	4e81d707d0c6581eed07b7b6e2ed30986610bcfb	commit
0fbbccc636c4a4b646c807a4be2209c9a4125515	e72858b875aa8fa9540f7b1001435f08f1ba74bf	commit
b70e8b605e9d177b09644ebbcdb85dcd1876d45e	b5626f4c4e8d84358aebc8bc962e803886385562	commit
9dad5b2b581170a8945f3e01f9531cdf76d21592	0d6958766e5b9eb19c2273ca351226003ffd736e	commit
82589863b3bed5ca6a784538368b8faf561c49ff	dd6846c7843d143840e9c00ee0830838cee039da	commit
c3242338001ea2ffeb4cc81f3e851e850962b2d8	220674ffe661a0998ba15a6b331b8cf359b0fd8a	commit
9f596147aaa503a5b12f529019b532287fa1a43f	53ab626c6a675ea4a596ea61e2807d7b65a13033	commit
ec12ff67e29496a93d24e54e9bd5f58081dada8b	94372c6162b804cf5a8b9d6877071d1863083fb8	commit
7e9296635d8e39625b93d2a550733fc052c7d536	055a769e2295961b19101034929f4aa05940a811	commit
7e54938f1ad821cdca1fc3355309490c10900aac	3d3e1590e2671b2f22b60b3f2a5d84fbe7e67576	commit
7ed4b00517c28d532109209ec65d54b297572b39	ec8907c0a42ceca88c71609e663b09205570369b	commit
7b636beb4228e4cfe4fa0531d4caf6745e8cf231	82ed7124c70e89e5aac21b8755361b1b3362e9af	commit
d167b4752c7410af76ca996656dec3bbc5c4be42	9c1207e9fb4fa7afeb1511927892f9dbfcf03312	commit
26e1976e48249d098c720149c71640d8bda312df	0b043c53e18680462e06e65ee10145ea06e07ca8	commit
3285b8c323fc3f0ec89ec7e1bd684023bc7f43ce	3ece01898ea86fee82d92db97573d16061d04bd8	commit
788cfe8ce9959c3ffda4b230ce9172d48243d176	01dae086706adcb1880f8d5cef34527c84b94623	commit
0a893ba5112f46ead1c84ba7a0f17a5626fe09f0	681328774e0e6b9f07df164428f37ae4eb99b39a	commit
fb3b0278435f8a160b5dfb422f5c24c9a068eaa9	826021ad399d21c5dd0ebbd1b2d604f7285ebe93	commit
4a8ab26d14b2c9aa9e7cb6fd257a1c813377aaee	e1586f91fc4250a7f4ef44e80584003a34f49e0e	commit
aa8c64e4c4d3cd0eb4e37e4916b7919f74333d20	63dbcf9fba1f5033766ede2cdd9eb7938541234c	commit
41445af590e96e4911ab13b65e3f49ffaa7ea887	b664cfee3c01a4bd00ef173f34b111f311014dbf	commit
cbedba82b83be4b4439bb0024b2104a38a379780	0742a3aa015e49ab6be77cf293c542e37612ce4b	commit
c7ff4283f1bc2ceab0e46c13c641062434fb577e	c41f6153a102c2fff8d30b71574a6bedaea0e23a	commit
7ecaa69047f8e65c7bc5966c4d4f038d95384453	4903170292923cc10ffc98b0766cf7a029223eca	commit
6594c6cc652db554213c52ae02f7acd8f439644c	4f4bff332989a4ec7fe21273e6d76f612ce1eed3	commit
af6bf60766f4d4394921d8aca0a87dccb5890a5f	50c912c72df087981115acc9b34300f3e41bc1eb	commit
d2fc30518753eac2c5fab794a24270b9fdfcc7d9	dcb67ff84f1307c22f0c9e6a0a6b69f38df04298	commit
fb5e5f1704ea7425532e87777a358eda5210cafd	df855f8a53ef27cd402ed7d962630d5d8aca3f03	commit
8dc81afc3945059fe3876c0e9ff0c7f8f07a25e9	37a217a91672b383702f04e89b9233b386d4c8c6	commit
60b852235d28834d481e389c80850dffad9f4895	4bd207e274c1d438df6c6c35cabce797538eee6c	commit
8b46803237141c863483db3cd8dc342d6ea186c3	b306fcf3aa607f7b9f70b3dab21a8bf846e86362	commit
60fd203cb3e3d02f6937053a1126652875775fa9	3433650c7f16bddee9445a28a3673ef681b4dee8	commit
f54e60a02c3241d0c7f4dff6de2a5934d1854bfd	9cb1327f51597d97394ece509c451321e139db2d	commit
